time,Open,High,Low,Close,Volume,Quote asset volume,Taker buy volume,Taker buy quote asset volume
2021-01-03,775.04,1022.51,769.19,980.24,9610267.802,8696957087.56834,4657677.769,4214597578.60845
2021-01-04,980.23,1173.94,890.0,1043.11,12057661.067,12280790632.57096,5778764.348,5889966213.22539
2021-01-05,1043.12,1138.92,974.23,1101.29,7526097.093,7963297766.14071,3629331.553,3840921611.10877
2021-01-06,1101.29,1218.0,1057.3,1212.64,6952861.553,7952492225.25109,3321058.126,3800589046.70885
2021-01-07,1212.98,1297.15,1150.0,1227.12,5807791.01,7101050891.0701,2772049.386,3390930251.65891
2021-01-08,1227.5,1279.06,1064.6,1218.39,6994773.234,8338888162.52835,3312616.534,3949768897.76069
2021-01-09,1218.55,1314.0,1173.0,1279.96,4157466.015,5122826054.03456,1987394.9,2450205641.03836
2021-01-10,1279.96,1354.66,1168.49,1257.96,5913298.389,7633413010.30207,2781784.245,3593800626.94579
2021-01-11,1257.95,1264.5,915.2,1086.94,11237262.772,11884458713.94124,5330729.574,5639590221.4675
2021-01-12,1086.84,1153.13,1007.0,1050.82,5531356.605,5979396463.61216,2638374.932,2853269704.49428
2021-01-13,1050.67,1138.63,987.21,1130.4,4029644.646,4284303782.76047,1944010.424,2068348623.5124
2021-01-14,1130.4,1249.32,1087.68,1234.86,4079502.435,4801436186.55306,1960836.392,2308220044.12361
2021-01-15,1234.5,1260.0,1070.0,1168.79,5020898.727,5936014554.3996,2392020.497,2828783904.10233
2021-01-16,1168.65,1296.79,1152.13,1230.19,3980782.071,4882690374.13278,1912825.153,2346394635.14904
2021-01-17,1230.32,1272.28,1165.0,1233.71,3396518.439,4148284417.37915,1651908.247,2018781238.7725
2021-01-18,1233.61,1265.96,1183.2,1262.99,2562805.077,3145780782.70752,1238032.263,1520307506.40987
2021-01-19,1263.0,1444.05,1255.51,1367.51,6288844.344,8661460016.5314,3015469.076,4153264139.37802
2021-01-20,1367.38,1411.38,1236.35,1379.24,5844273.198,7735368865.48017,2787472.651,3691850377.50564
2021-01-21,1379.23,1391.0,1083.4,1111.23,6820207.515,8422222242.52244,3225429.287,3984780487.02147
2021-01-22,1111.82,1274.52,1041.13,1234.55,5475223.381,6400413550.76259,2678746.661,3132019760.24392
2021-01-23,1234.54,1274.0,1197.0,1235.66,2920417.541,3621490157.81458,1422281.665,1764218917.94195
2021-01-24,1235.65,1401.88,1221.51,1394.24,3768553.334,4990725961.73751,1895960.818,2510843703.70461
2021-01-25,1394.23,1481.46,1293.0,1318.61,5138109.254,7203921848.3719,2446042.654,3432045420.66001
2021-01-26,1318.53,1379.5,1244.87,1368.4,4868106.344,6419154907.36397,2389486.467,3152802892.24343
2021-01-27,1368.48,1377.9,1206.0,1238.55,5277115.882,6718585856.24908,2531776.401,3224148736.74322
2021-01-28,1238.55,1362.94,1217.28,1329.86,3463945.921,4544323851.28896,1714577.434,2250424392.42802
2021-01-29,1330.28,1443.0,1285.46,1381.99,5010264.423,6852570488.05573,2406600.666,3291810474.31575
2021-01-30,1382.14,1409.35,1328.0,1380.48,2364036.673,3218442098.50122,1159814.103,1579703446.13367
2021-01-31,1380.42,1383.7,1281.96,1313.12,2091898.285,2789247028.64788,980938.92,1307931119.23746
2021-02-01,1313.09,1379.73,1270.0,1376.48,2282184.993,3023615300.24649,1133593.179,1502912473.80172
2021-02-02,1376.74,1551.5,1363.0,1516.26,5098356.241,7431220730.79352,2499526.773,3644007625.7395
2021-02-03,1516.2,1672.76,1510.76,1666.0,4407760.724,6966221755.1702,2171799.519,3434502838.53946
2021-02-04,1666.1,1703.37,1557.0,1596.0,4966516.757,8136508279.05647,2348069.915,3848825179.12879
2021-02-05,1595.93,1767.19,1592.46,1721.16,3518469.104,5947779584.53895,1716851.526,2902204413.55335
2021-02-06,1721.03,1748.11,1647.09,1679.34,2991060.685,5059220432.8374,1409797.953,2385307408.24346
2021-02-07,1679.38,1695.5,1490.48,1611.99,4063794.078,6470840190.4574,1915828.659,3050520627.62823
2021-02-08,1612.0,1782.5,1566.22,1755.61,3884050.435,6554958213.11899,1876643.362,3167309739.18909
2021-02-09,1755.6,1830.47,1713.2,1770.79,3388435.791,5963865015.44841,1627361.442,2865302390.73438
2021-02-10,1770.99,1848.0,1680.0,1743.31,3442140.65,6073425415.1568,1636112.194,2888417255.13224
2021-02-11,1743.3,1827.07,1704.21,1789.32,2256762.199,3999256495.29382,1084742.684,1922113256.62648
2021-02-12,1789.32,1872.86,1740.22,1843.08,2650816.264,4780809285.80296,1295528.595,2337379584.14198
2021-02-13,1843.08,1878.88,1764.79,1818.02,2381458.551,4331083291.8682,1132071.471,2059477700.42715
2021-02-14,1817.86,1857.67,1785.23,1803.59,1773668.237,3236470817.88099,819483.085,1495445756.79576
2021-02-15,1804.0,1839.63,1652.0,1781.34,3238695.81,5714101385.26495,1524726.195,2691076800.47953
2021-02-16,1781.34,1831.58,1726.01,1784.31,2536777.874,4526508138.96013,1194945.841,2132951128.29046
2021-02-17,1784.31,1864.26,1735.66,1849.86,2340915.266,4236223610.15366,1135793.751,2056039289.37651
2021-02-18,1849.87,1955.0,1849.37,1941.26,2447343.966,4677799273.31045,1191392.013,2277217716.61076
2021-02-19,1941.12,1980.0,1894.0,1958.58,1943898.87,3766473154.64299,932775.41,1807574899.99218
2021-02-20,1958.59,2048.0,1792.0,1914.58,3273599.601,6470877708.6009,1536660.896,3041162056.4399
2021-02-21,1914.51,1981.04,1885.0,1934.75,2039425.917,3961287537.73876,995068.871,1933114330.09426
2021-02-22,1934.59,1938.5,1552.2,1778.3,4972903.814,8838825736.40233,2326381.12,4138255022.73987
2021-02-23,1778.22,1784.08,1348.17,1579.75,7089349.585,10942958835.92679,3459134.535,5344360525.28816
2021-02-24,1579.75,1714.04,1501.09,1623.98,3593348.017,5867227964.60702,1785428.893,2915517539.60368
2021-02-25,1623.94,1672.49,1458.0,1482.09,2955804.261,4711814880.46952,1461321.977,2332154574.30433
2021-02-26,1482.13,1563.66,1401.01,1445.28,3880051.012,5737181606.49004,1954660.213,2891941974.25923
2021-02-27,1445.36,1530.19,1425.5,1458.65,2530875.338,3756706927.66827,1242834.507,1844965913.3956
2021-02-28,1458.64,1469.44,1292.8,1419.77,4109392.696,5629627203.07104,2029795.168,2780533897.34832
2021-03-01,1419.96,1573.42,1411.1,1571.2,2727916.51,4093786528.92125,1385148.65,2078534377.72257
2021-03-02,1571.2,1604.85,1455.3,1486.28,2884922.074,4419676882.47557,1408214.415,2159405354.10544
2021-03-03,1486.24,1664.0,1475.0,1568.63,3055043.878,4859941588.27233,1529266.667,2433672196.0236
2021-03-04,1568.63,1626.0,1506.99,1540.69,3087612.251,4819190828.6856,1515517.719,2366096691.03746
2021-03-05,1540.7,1551.0,1441.57,1529.88,3051666.755,4547100964.24997,1507525.227,2246790361.40687
2021-03-06,1529.75,1674.02,1515.16,1651.73,2839191.599,4507498262.312,1428972.805,2269564898.07284
2021-03-07,1651.9,1736.89,1631.59,1727.23,2570034.976,4288738410.50978,1268786.647,2118065378.75201
2021-03-08,1727.73,1844.57,1667.86,1834.3,3501989.878,6080210583.95216,1757257.31,3051783959.64863
2021-03-09,1834.47,1873.86,1801.0,1873.31,2460568.209,4512195932.80944,1214680.562,2228060688.889
2021-03-10,1873.37,1882.59,1760.0,1796.8,3413199.591,6215915591.53833,1656134.475,3016053062.41708
2021-03-11,1796.8,1850.07,1725.96,1829.0,3061111.766,5482129545.41183,1470844.153,2634339752.5956
2021-03-12,1828.96,1846.59,1719.92,1767.44,2753218.247,4887332853.92612,1334541.323,2369651074.85164
2021-03-13,1767.32,1948.75,1729.33,1924.94,2763730.381,5136048302.61478,1371616.668,2548749630.46122
2021-03-14,1924.94,1935.88,1836.0,1850.54,2244662.581,4225374618.59173,1089302.936,2051005868.07537
2021-03-15,1850.5,1896.3,1729.2,1794.89,3297299.618,5932093091.82662,1616815.273,2909312358.71151
2021-03-16,1795.09,1819.76,1712.0,1807.25,2500648.806,4444439699.43044,1237512.306,2200090682.55588
2021-03-17,1807.25,1841.86,1741.95,1825.77,2164536.182,3879170125.69688,1071276.026,1920580757.03416
2021-03-18,1825.94,1853.0,1758.48,1777.54,1948941.621,3527078371.44721,923844.389,1672189613.64183
2021-03-19,1777.55,1844.32,1733.09,1811.04,1807873.07,3259787302.19901,897435.533,1618727579.70283
2021-03-20,1811.04,1873.84,1802.5,1807.35,1400240.86,2573392189.53617,701010.525,1288535323.90337
2021-03-21,1807.43,1818.61,1745.02,1784.67,1569940.157,2801382704.19012,763137.385,1362072397.69851
2021-03-22,1784.78,1809.59,1653.67,1681.69,2062250.384,3606818027.203,981460.369,1717619404.20763
2021-03-23,1681.66,1722.52,1652.58,1669.33,1875276.276,3172273699.64815,919667.49,1555986824.26208
2021-03-24,1669.33,1742.43,1540.22,1582.11,2657346.906,4399210528.81931,1283516.821,2126515086.36376
2021-03-25,1582.01,1622.54,1548.56,1587.5,2454402.206,3902283814.32379,1212938.964,1928986833.53193
2021-03-26,1587.44,1701.19,1587.03,1699.13,1630204.715,2675730180.49903,831309.947,1365212797.63838
2021-03-27,1699.21,1734.88,1668.3,1714.34,1412714.74,2399338118.75358,701913.974,1192363569.22107
2021-03-28,1714.14,1727.5,1662.54,1688.3,1167051.376,1983034035.73383,578167.566,982607532.58962
2021-03-29,1688.31,1845.0,1680.04,1818.44,1936361.877,3435359910.8272,971287.537,1723034207.19779
2021-03-30,1818.43,1863.79,1788.3,1843.43,1627666.888,2977548709.20566,797990.547,1459997131.80626
2021-03-31,1843.43,1952.98,1771.85,1923.07,2721505.354,5049966053.5153,1336302.109,2480787747.65429
2021-04-01,1923.07,1989.11,1882.1,1969.74,2282765.6,4435453780.00105,1120030.433,2177035192.55174
2021-04-02,1969.75,2150.0,1949.94,2138.01,2782619.002,5678697553.59085,1390192.284,2838502252.42318
2021-04-03,2138.01,2144.17,2002.0,2012.63,2961945.62,6150272520.34633,1435758.279,2981544989.03309
2021-04-04,2012.64,2093.72,1980.0,2077.73,1628243.592,3330679833.83388,810070.944,1657379621.27131
2021-04-05,2077.85,2138.61,2002.16,2110.35,2029400.255,4215186592.34909,997481.631,2072231252.40876
2021-04-06,2110.39,2161.02,2043.89,2114.47,2216031.293,4675497907.26923,1061895.953,2241128697.74332
2021-04-07,2114.48,2133.02,1930.1,1965.4,3144081.502,6331327536.5734,1512699.025,3047079333.43999
2021-04-08,1965.4,2086.67,1950.0,2082.08,1653807.764,3355215507.54095,814310.272,1652269178.50818
2021-04-09,2082.02,2104.83,2052.0,2068.02,1237414.829,2571500898.67981,592606.513,1231826568.00432
2021-04-10,2068.02,2211.94,2059.03,2135.96,2077350.376,4462334737.25942,1028505.482,2209271806.71502
2021-04-11,2135.99,2171.07,2115.56,2155.05,1290245.975,2765613090.77921,637105.081,1365885358.85052
2021-04-12,2155.07,2209.99,2101.96,2139.25,1659510.107,3572221905.88937,791295.609,1703726826.95369
2021-04-13,2139.24,2324.0,2137.21,2303.15,2311955.605,5176595617.26422,1148272.119,2570513961.65787
2021-04-14,2303.15,2450.0,2286.04,2437.08,3370771.796,7962169647.2472,1632507.143,3856799144.06772
2021-04-15,2436.74,2548.6,2403.14,2519.85,2600911.507,6417301595.81241,1264974.531,3121672740.79597
2021-04-16,2519.85,2553.0,2298.23,2427.29,3505534.172,8482048892.07963,1681499.622,4069635112.8546
2021-04-17,2427.29,2499.26,2314.49,2319.8,2057149.939,4945909137.13609,987743.735,2374682351.65658
2021-04-18,2319.93,2341.91,1900.0,2235.32,4275573.298,9242083489.27048,2031438.001,4391973190.43101
2021-04-19,2235.32,2278.58,2079.12,2162.75,3029523.224,6625482639.95203,1487044.376,3252086055.04156
2021-04-20,2162.76,2347.0,2052.42,2329.96,3393046.281,7390689083.89487,1659688.17,3616869084.00746
2021-04-21,2330.07,2470.0,2238.96,2358.9,3556266.081,8376213677.30245,1759568.319,4145850503.44985
2021-04-22,2359.41,2645.63,2305.0,2398.94,6698438.657,16634756435.85801,3286810.321,8165071100.47479
2021-04-23,2399.2,2443.66,2110.0,2368.67,6753400.874,15240128936.7881,3304800.34,7460124823.05529
2021-04-24,2368.66,2370.04,2156.58,2215.54,3424662.228,7712787520.22163,1656349.988,3730393778.25107
2021-04-25,2215.55,2357.0,2162.9,2320.71,3570867.777,8083675412.6014,1768609.519,4004150147.99782
2021-04-26,2320.71,2545.5,2303.42,2534.25,3507145.533,8646978933.32786,1765092.767,4352505519.60982
2021-04-27,2534.17,2683.42,2481.43,2668.39,2604067.05,6743588001.19054,1290836.328,3343067019.05474
2021-04-28,2668.28,2762.1,2562.83,2748.33,3857131.883,10332188911.34269,1921065.705,5147300141.70237
2021-04-29,2748.33,2798.0,2668.87,2759.14,2827431.929,7750499577.3932,1379566.987,3782341571.96435
2021-04-30,2759.15,2803.55,2726.88,2773.15,1961665.845,5412494300.94511,947387.36,2614574202.72017
2021-05-01,2773.16,2958.91,2754.04,2947.01,2293998.885,6589470501.4225,1144510.826,3287853200.84389
2021-05-02,2947.0,2986.97,2856.7,2950.98,2080727.947,6086611127.85545,1007019.313,2946475620.08994
2021-05-03,2950.91,3459.8,2950.7,3433.36,5116980.548,16382343434.80363,2523981.921,8079138870.44331
2021-05-04,3433.7,3529.64,3160.01,3243.67,6940584.205,23227206677.60779,3325643.633,11132319408.91274
2021-05-05,3243.65,3552.74,3211.0,3528.49,3838631.919,12937893760.98514,1828421.199,6165478151.93019
2021-05-06,3528.74,3616.0,3380.25,3493.16,3041910.825,10632727893.23226,1460630.147,5106732732.74472
2021-05-07,3493.17,3592.0,3355.0,3480.98,2326172.061,8094167086.99724,1121017.927,3901672633.03948
2021-05-08,3480.98,3964.83,3451.74,3914.47,3128854.033,11602305090.60812,1543104.593,5721778308.19867
2021-05-09,3914.95,3985.55,3730.0,3928.01,3118238.261,12120213502.67268,1489308.178,5789340832.26717
2021-05-10,3927.83,4214.92,3658.0,3950.33,5052309.882,20426765812.22148,2401491.793,9708868439.74796
2021-05-11,3950.32,4183.52,3778.17,4175.91,3394479.287,13477585470.55893,1643472.063,6525844552.70293
2021-05-12,4175.85,4379.18,3723.43,3828.99,4928002.067,20540714054.05621,2381766.125,9932240244.71696
2021-05-13,3829.89,4036.45,3491.53,3719.45,5852199.813,22134721314.84749,2881570.744,10897586878.17049
2021-05-14,3719.44,4175.0,3692.99,4079.99,3063526.292,12181077842.13998,1499384.639,5960889474.7403
2021-05-15,4079.98,4137.21,3634.44,3648.98,3321250.207,12859384950.05047,1601646.176,6202437951.27844
2021-05-16,3649.01,3882.76,3348.0,3581.39,4223938.158,15266100829.69663,2054868.442,7429862606.30034
2021-05-17,3581.39,3587.0,3125.0,3283.58,5745286.6,19279667315.49166,2792571.308,9371825418.54495
2021-05-18,3283.23,3570.27,3240.06,3376.35,3842243.27,13102791083.02771,1915117.725,6532315781.50124
2021-05-19,3377.03,3446.24,1400.73,2442.98,10144417.228,27803524889.35709,4896426.248,13447853938.43437
2021-05-20,2444.02,2990.85,2150.0,2768.42,6097256.74,16113950567.52409,3045103.569,8046026598.80096
2021-05-21,2768.42,2940.0,2097.99,2431.01,6041584.187,15265695041.77466,3002881.625,7590079388.51843
2021-05-22,2431.24,2489.65,2151.63,2295.15,4564819.521,10666152727.52536,2276612.686,5320447399.81974
2021-05-23,2295.46,2383.41,1728.85,2096.63,7797669.636,15783098848.93368,3868683.892,7830214434.99649
2021-05-24,2096.62,2675.0,2079.0,2649.27,5714266.276,13586348325.92198,2888492.485,6867006552.58782
2021-05-25,2649.49,2750.0,2380.6,2706.83,5322472.943,13694505271.63173,2649888.786,6818994310.55818
2021-05-26,2706.82,2913.0,2642.87,2884.27,4052111.799,11285324614.47753,2010815.395,5600635032.75649
2021-05-27,2884.16,2893.03,2634.0,2742.77,3441489.934,9494992137.75452,1705466.734,4706175422.03625
2021-05-28,2742.77,2763.57,2324.48,2411.66,4733066.731,11983057928.13767,2351420.368,5952599717.66833
2021-05-29,2411.65,2577.04,2208.04,2277.99,4468023.064,10655588004.12472,2224437.983,5305831156.73819
2021-05-30,2277.99,2476.83,2179.13,2386.11,3642984.366,8645260126.70548,1829724.072,4344140117.22053
2021-05-31,2386.11,2721.51,2271.46,2706.33,4203920.413,10502558832.11788,2127706.772,5315402534.37889
2021-06-01,2706.46,2741.45,2523.82,2634.63,3779985.27,9868610856.33613,1874417.798,4893405954.83614
2021-06-02,2634.61,2804.04,2551.03,2707.22,3026897.821,8165015125.37414,1497245.448,4039000743.15122
2021-06-03,2707.03,2892.23,2662.0,2858.34,3561113.235,9987629061.44338,1761073.142,4939376330.32195
2021-06-04,2858.34,2861.53,2540.61,2689.21,4343826.882,11593942225.54805,2145096.852,5724310646.12483
2021-06-05,2689.41,2817.43,2550.77,2627.45,3876375.64,10381974440.23042,1923355.981,5151771632.31928
2021-06-06,2627.44,2744.0,2613.11,2711.4,2719341.885,7316997901.78934,1372571.614,3693566169.91522
2021-06-07,2711.3,2849.65,2569.3,2592.96,4175255.701,11416987186.62013,2065514.6,5651121426.14238
2021-06-08,2592.51,2621.27,2305.5,2506.19,6567894.086,16237479290.57325,3267501.378,8077646681.31604
2021-06-09,2506.13,2627.38,2404.01,2610.2,5127988.288,12928474320.41501,2585705.673,6519327843.36852
2021-06-10,2610.2,2624.79,2423.36,2471.11,3151629.315,7963220022.58071,1565308.759,3955721947.05576
2021-06-11,2471.05,2497.94,2320.0,2354.25,2932342.336,7111141085.93231,1468403.158,3562014656.27138
2021-06-12,2354.25,2452.79,2255.42,2370.59,3349184.786,7889597212.00103,1684859.146,3968907637.81159
2021-06-13,2370.61,2548.0,2307.41,2508.71,2999871.755,7188328606.18587,1525925.946,3657231436.44387
2021-06-14,2508.56,2608.53,2460.0,2579.82,2592645.352,6555180132.71414,1290521.625,3262870612.83379
2021-06-15,2579.8,2639.99,2506.81,2544.17,2609572.986,6731794513.84064,1280299.567,3303651996.75057
2021-06-16,2544.28,2557.54,2350.0,2366.84,2715755.789,6669003234.20805,1311825.535,3222216656.98761
2021-06-17,2366.84,2459.77,2304.15,2372.51,2805257.77,6695512370.52803,1385937.222,3307812501.75752
2021-06-18,2372.5,2376.94,2135.04,2231.68,3783368.698,8552190538.28243,1828563.137,4135080577.80523
2021-06-19,2231.68,2280.0,2160.0,2163.36,2905034.112,6458695705.42715,1470100.703,3269700978.16191
2021-06-20,2163.36,2277.0,2038.94,2242.7,4117443.373,8843020670.45992,2057250.128,4419789821.51961
2021-06-21,2242.7,2259.27,1864.36,1884.77,8408243.758,16807647822.40997,4185798.929,8367195862.62223
2021-06-22,1884.75,1997.8,1698.64,1878.46,7629543.365,14223120472.28595,3839581.315,7161304226.81936
2021-06-23,1878.46,2044.35,1820.3,1966.51,4071236.262,8043287560.77444,2071635.936,4093642479.66855
2021-06-24,1966.48,2036.0,1883.47,1989.5,3069218.028,6018280271.63026,1552015.492,3043974302.33962
2021-06-25,1989.5,2020.0,1790.0,1808.0,4807609.447,9024571644.12839,2387033.261,4480313351.37808
2021-06-26,1808.0,1852.95,1715.0,1828.88,4547442.9,8078889026.41593,2308848.452,4103267854.79546
2021-06-27,1828.86,1984.61,1805.0,1980.83,3643084.635,6776865023.89345,1860410.82,3463027763.31825
2021-06-28,1981.0,2146.91,1960.31,2083.56,5085737.209,10414575455.76256,2572027.957,5267154729.80605
2021-06-29,2083.55,2244.33,2073.0,2165.15,4249854.368,9211767303.62075,2136271.17,4631270292.92255
2021-06-30,2165.03,2290.0,2087.23,2275.0,4574440.196,9905282259.92462,2305728.283,4995014035.77641
2021-07-01,2274.99,2275.68,2066.0,2105.24,4469383.028,9572977503.66685,2192324.049,4695564977.17683
2021-07-02,2105.23,2160.0,2016.43,2152.64,3889555.868,8073817364.15074,1968370.271,4086729294.52976
2021-07-03,2152.64,2239.0,2112.03,2226.63,2965805.065,6500249029.39124,1506100.715,3301844849.23065
2021-07-04,2226.71,2390.0,2188.0,2321.95,3200803.958,7390321295.6183,1596772.157,3686896476.07513
2021-07-05,2322.13,2324.22,2155.04,2195.38,4496599.633,10086981165.22405,2192208.244,4918710176.05638
2021-07-06,2195.38,2349.92,2191.24,2322.04,4197100.45,9626162967.33224,2102159.476,4821325277.74283
2021-07-07,2321.82,2410.0,2292.94,2314.65,3113882.674,7340606730.55211,1536374.681,3622913079.14039
2021-07-08,2314.64,2326.58,2082.07,2114.88,4154305.408,9080261738.94438,2034143.801,4446825205.31947
2021-07-09,2114.81,2189.27,2045.0,2147.53,4166847.297,8846405222.35686,2102694.971,4464660906.08217
2021-07-10,2147.4,2195.0,2073.0,2111.14,2803372.98,5940286610.7685,1384441.407,2934109601.17613
2021-07-11,2111.14,2175.0,2080.0,2140.27,2154716.197,4578291195.14697,1090675.761,2317893367.71135
2021-07-12,2140.26,2167.95,2003.4,2030.85,2941659.373,6135599771.18761,1415609.115,2952212476.02178
2021-07-13,2030.78,2048.97,1916.0,1940.32,3641617.739,7240764577.16506,1798509.909,3577320950.94722
2021-07-14,1940.31,2018.55,1862.32,1993.82,4274762.909,8306491741.37898,2148944.526,4176270499.01802
2021-07-15,1993.82,2042.1,1880.29,1919.35,3891662.256,7547129300.45538,1943391.415,3769721189.94237
2021-07-16,1919.36,1965.85,1846.0,1876.1,3797831.436,7227056616.37395,1891555.804,3600903079.48532
2021-07-17,1876.09,1919.0,1841.0,1898.55,3169044.845,5965787509.4647,1601202.531,3015181022.17974
2021-07-18,1898.55,1994.26,1875.0,1890.66,3350134.623,6490340037.90537,1671293.528,3238462540.45405
2021-07-19,1890.8,1917.82,1801.0,1818.4,3317206.573,6135968039.40363,1608819.149,2977139424.48436
2021-07-20,1818.4,1841.34,1715.0,1785.04,4510417.88,7956472622.46679,2253173.192,3974991938.39241
2021-07-21,1785.2,2038.0,1752.35,1995.49,5466949.512,10439929115.58029,2810927.666,5367608197.59049
2021-07-22,1995.5,2046.0,1945.0,2023.55,3739570.52,7466590230.05726,1876710.365,3747955804.83997
2021-07-23,2024.0,2131.96,1995.02,2124.33,3237000.868,6648633427.28004,1644610.167,3379289078.81768
2021-07-24,2124.34,2198.0,2105.4,2183.53,2900599.605,6230603831.2898,1448763.222,3112768201.19873
2021-07-25,2183.54,2197.0,2106.12,2188.11,2654022.719,5715783682.52749,1326925.457,2858328683.89461
2021-07-26,2188.15,2433.53,2170.03,2227.41,5648553.005,13069147530.17464,2788808.874,6452664899.16412
2021-07-27,2227.44,2319.0,2150.0,2298.04,4077823.745,9128465396.90154,2024975.777,4534157411.61879
2021-07-28,2298.05,2345.54,2242.2,2300.08,3309639.002,7597061765.53673,1625791.148,3733210001.70135
2021-07-29,2300.12,2406.44,2263.33,2382.45,2369811.378,5488185704.97631,1204318.664,2790126082.73508
2021-07-30,2382.45,2473.99,2316.03,2461.72,3555703.039,8490960948.10425,1774308.255,4238455459.01198
2021-07-31,2461.52,2553.8,2421.76,2530.49,2363945.704,5836744313.47873,1179653.841,2913175028.51795
2021-08-01,2530.37,2699.0,2511.88,2554.71,4203633.648,10920759980.85322,2087175.773,5422908342.72187
2021-08-02,2554.72,2666.91,2506.11,2607.09,3757454.702,9757084146.95917,1856094.989,4820788686.00819
2021-08-03,2607.09,2633.27,2441.0,2506.87,4035094.388,10108119599.97699,1971051.111,4937371207.75629
2021-08-04,2506.5,2775.06,2456.83,2725.0,4639321.233,12137903905.43098,2333344.867,6105496276.47493
2021-08-05,2725.0,2845.9,2527.0,2826.8,6430648.209,17419363268.20104,3176491.447,8608308778.24955
2021-08-06,2826.81,2948.36,2720.31,2892.3,3957430.19,11184522371.32228,1962396.456,5547427656.24925
2021-08-07,2892.29,3176.0,2865.45,3163.26,5211893.648,15898690989.9526,2597842.151,7924675778.18144
2021-08-08,3163.26,3195.67,2950.45,3014.06,4207474.0,12960508391.08436,2051638.379,6320404918.96085
2021-08-09,3014.06,3190.8,2890.03,3163.43,4997024.855,15308758012.82675,2445088.598,7489626733.73267
2021-08-10,3163.43,3239.13,3053.24,3143.98,4011325.684,12596399140.64382,1951804.232,6131395969.89487
2021-08-11,3143.97,3279.78,3120.69,3161.52,3248054.689,10431960240.70598,1589382.157,5105435871.99724
2021-08-12,3161.52,3241.57,2981.0,3046.74,3651234.966,11298867650.12576,1778897.771,5504204748.24524
2021-08-13,3046.63,3332.88,3034.35,3324.12,3291401.802,10556999488.07876,1633205.956,5239976336.17076
2021-08-14,3324.12,3337.99,3210.0,3266.31,2307338.73,7541715652.47723,1117343.043,3652641771.41959
2021-08-15,3266.31,3326.0,3109.0,3312.31,2863557.025,9176432710.68574,1396184.337,4474915517.23871
2021-08-16,3312.31,3343.0,3133.33,3146.83,2823441.625,9165693580.68069,1354046.861,4397785664.62054
2021-08-17,3146.82,3294.23,2992.0,3014.64,3583054.432,11313021664.72633,1733069.748,5475465884.46066
2021-08-18,3014.63,3125.92,2950.0,3014.25,2914764.091,8870183227.13909,1433848.085,4365350711.56013
2021-08-19,3014.31,3194.0,2958.8,3186.8,2795287.664,8517882649.26069,1380587.916,4208570825.43654
2021-08-20,3186.76,3308.26,3180.0,3286.62,2223015.324,7213472444.69804,1096221.959,3557480824.04768
2021-08-21,3286.65,3313.9,3207.12,3226.4,1838074.781,6008937521.2707,886315.616,2898144056.56905
2021-08-22,3226.39,3276.42,3124.35,3241.29,1773220.917,5694971586.81129,863662.087,2774252423.26355
2021-08-23,3241.29,3383.0,3233.07,3323.01,2430852.991,8087347064.89252,1204511.771,4007359176.03458
2021-08-24,3323.0,3362.0,3145.0,3173.98,2520587.128,8206532013.99988,1212368.874,3948364879.91148
2021-08-25,3173.99,3249.0,3078.52,3227.9,2405504.816,7633000732.16727,1162981.249,3691290931.49159
2021-08-26,3227.9,3254.0,3052.0,3093.77,2360877.641,7377079755.83256,1139036.505,3558925995.59697
2021-08-27,3093.81,3283.0,3061.44,3273.91,2227370.879,7072538774.15535,1134895.249,3604989748.77804
2021-08-28,3274.12,3288.22,3209.93,3247.29,1124796.339,3648997299.15339,540133.897,1752546116.87541
2021-08-29,3247.47,3291.7,3150.5,3225.47,1642534.292,5275349676.12545,802585.182,2578125654.63301
2021-08-30,3225.47,3350.0,3142.38,3230.43,2535431.803,8211167690.59126,1238532.97,4012292730.59524
2021-08-31,3230.42,3478.0,3187.85,3430.49,3605871.087,12096403303.17363,1789559.48,6004548047.81512
2021-09-01,3430.49,3849.0,3381.23,3831.44,3339812.397,12019155034.32282,1702593.052,6128888549.6119
2021-09-02,3831.42,3843.21,3723.87,3788.95,1997427.18,7549206070.15826,957866.166,3620717285.93248
2021-09-03,3788.94,4036.44,3710.77,3942.79,2643680.21,10327395607.95398,1303867.714,5094363924.07464
2021-09-04,3942.83,3976.59,3835.0,3889.71,1508907.058,5898345690.61458,723287.619,2827658999.29951
2021-09-05,3889.95,3991.25,3837.0,3952.56,1483337.994,5811218020.16181,717022.866,2809796333.62739
2021-09-06,3952.56,3976.6,3864.27,3929.0,1471495.586,5785284739.10346,698601.095,2747262325.13417
2021-09-07,3929.01,3952.53,2923.0,3435.0,4947996.791,17735945429.50642,2331665.119,8356337209.12102
2021-09-08,3435.0,3562.25,3217.01,3497.99,2986177.27,10180478366.96899,1491494.061,5085589858.89772
2021-09-09,3497.68,3570.34,3390.0,3426.42,1980923.9,6915562238.84697,977157.629,3411996231.44292
2021-09-10,3426.43,3517.91,3143.2,3209.84,2299854.907,7664857100.21164,1117159.911,3724283398.70848
2021-09-11,3209.85,3349.17,3199.26,3267.23,1413713.591,4634941547.10116,702917.308,2304628726.44563
2021-09-12,3267.28,3474.95,3230.84,3405.21,1518234.911,5125794285.18948,751951.383,2538921980.58856
2021-09-13,3405.65,3432.12,3107.02,3284.41,2654865.254,8628300678.82541,1293523.659,4205431226.27695
2021-09-14,3284.17,3438.0,3269.25,3435.42,1536142.673,5132621489.63076,777702.174,2599186929.44336
2021-09-15,3435.29,3620.0,3358.08,3614.72,1652816.482,5729547036.04413,830016.918,2878481053.30314
2021-09-16,3614.71,3678.0,3482.0,3570.46,1879717.934,6749807268.0306,919810.49,3304246502.65221
2021-09-17,3570.46,3597.52,3350.0,3400.99,1665745.301,5777910858.46376,797401.899,2766272738.37017
2021-09-18,3401.0,3546.0,3370.25,3435.35,1392166.948,4822132415.09092,675781.839,2341362498.98377
2021-09-19,3435.36,3459.0,3275.0,3328.72,1409270.892,4746244212.53249,676212.203,2278450607.10892
2021-09-20,3328.99,3347.99,2907.07,2978.34,3894855.847,12039370935.18889,1862281.332,5755737819.58913
2021-09-21,2978.34,3108.17,2647.8,2765.48,4287819.594,12492102976.07246,2096595.249,6113258055.63862
2021-09-22,2765.47,3088.88,2736.57,3076.62,2674294.104,7869352817.07343,1367543.198,4024496448.82784
2021-09-23,3076.62,3173.99,3032.77,3150.7,1943658.778,6041895582.92996,969939.282,3015229967.61927
2021-09-24,3150.7,3157.5,2731.0,2926.37,3728806.998,10865785866.61314,1852360.401,5398116288.49348
2021-09-25,2926.36,2967.32,2800.0,2921.08,2234473.056,6479851719.41051,1119434.198,3247356399.8351
2021-09-26,2921.08,3116.84,2737.19,3057.63,2764303.968,8086407799.8204,1398063.506,4093047060.76551
2021-09-27,3057.62,3163.9,2920.22,2923.6,2027218.619,6207785919.1174,994806.35,3047676761.78729
2021-09-28,2923.59,2969.0,2781.0,2803.5,2369096.762,6842995160.8656,1173294.917,3390537974.26984
2021-09-29,2803.34,2949.0,2780.0,2848.38,1856317.865,5329924985.4215,926064.435,2659649226.63042
2021-09-30,2848.38,3049.3,2835.29,2999.45,2159101.897,6442115144.18377,1087424.716,3244448322.87048
2021-10-01,2999.45,3331.56,2967.1,3308.58,2414202.176,7658451348.34575,1249478.821,3964223446.03096
2021-10-02,3308.59,3471.58,3257.05,3387.25,1587338.885,5321010602.50726,796946.629,2671828419.74488
2021-10-03,3387.24,3489.22,3340.0,3418.25,1314004.609,4489154260.98601,649951.335,2221133318.7367
2021-10-04,3418.21,3440.0,3268.81,3386.12,1961769.087,6593223607.9167,969487.339,3259406716.14921
2021-10-05,3386.12,3549.9,3363.56,3517.64,1476768.109,5084407350.48579,735674.958,2533180707.62793
2021-10-06,3517.64,3638.0,3339.67,3576.85,2134235.566,7490086402.70969,1047758.456,3677833545.88089
2021-10-07,3576.9,3659.98,3470.37,3589.85,1809003.003,6469443460.61853,880484.045,3149976372.48563
2021-10-08,3589.85,3675.41,3531.0,3563.81,1501949.85,5420718273.95965,720668.64,2601563902.92571
2021-10-09,3563.82,3639.0,3538.1,3577.8,907875.164,3261401758.35606,445053.052,1599055736.57207
2021-10-10,3577.65,3607.55,3402.12,3415.01,1518799.428,5358091720.90991,721059.813,2544938381.98907
2021-10-11,3415.01,3629.0,3368.0,3543.1,1874616.227,6627188014.14814,919723.523,3250484369.02472
2021-10-12,3543.09,3549.82,3404.0,3492.91,1986800.415,6921948842.21512,977692.916,3406794841.17882
2021-10-13,3492.9,3618.0,3412.29,3610.05,1635415.204,5716317657.28848,801642.758,2803365164.91347
2021-10-14,3610.24,3830.0,3590.02,3794.19,1736537.63,6464841242.57513,867265.924,3228878046.14481
2021-10-15,3794.18,3915.0,3737.13,3872.71,1828015.586,6986614680.17821,884463.565,3380799074.48406
2021-10-16,3872.7,3980.0,3801.38,3833.3,1398494.278,5439841445.65477,666219.083,2592247694.30976
2021-10-17,3833.29,3925.95,3634.32,3851.01,1611014.925,6142893874.59043,763546.772,2912699232.61464
2021-10-18,3851.17,3898.94,3675.5,3748.31,1768303.025,6698042946.90319,840165.168,3182931092.99356
2021-10-19,3748.1,3893.0,3734.93,3881.48,1769755.526,6744236733.28791,853448.16,3253336516.50316
2021-10-20,3881.49,4173.5,3830.0,4164.14,2278334.962,9128464233.64793,1109894.428,4446973869.32744
2021-10-21,4164.13,4389.6,4006.83,4057.26,3807814.197,15910566499.34866,1826101.524,7632447592.21618
2021-10-22,4057.26,4172.52,3888.0,3975.56,2113125.983,8543803309.03356,1004386.634,4061459435.37215
2021-10-23,3975.55,4177.27,3940.6,4170.5,1494374.557,6054898527.29019,735313.136,2980216071.72589
2021-10-24,4170.5,4191.72,3962.86,4084.61,1501860.773,6104092135.26068,716836.924,2913612051.11246
2021-10-25,4084.6,4240.03,4071.37,4224.14,1389123.02,5782790674.75053,676590.015,2816953204.88268
2021-10-26,4224.13,4306.61,4092.0,4133.39,1665700.699,6994107155.70646,799763.573,3358650438.28458
2021-10-27,4133.37,4319.0,3900.0,3923.57,2642128.851,10763105133.4298,1274210.176,5191588040.94385
2021-10-28,3923.58,4300.0,3887.75,4288.96,2233903.498,9229357434.93807,1112479.835,4597444835.22805
2021-10-29,4288.91,4467.89,4269.16,4421.53,1862409.48,8133818992.52625,915098.117,3997337296.06153
2021-10-30,4421.53,4438.85,4230.55,4324.82,1145688.807,4951230218.09777,551374.062,2383535694.82875
2021-10-31,4324.82,4399.22,4161.0,4288.86,1308821.315,5597512700.72108,638363.292,2730513861.93252
2021-11-01,4288.87,4385.57,4145.0,4322.72,1541230.772,6622171137.33538,752941.695,3236146111.1072
2021-11-02,4322.72,4604.96,4286.67,4593.88,1477069.747,6575344469.33907,739104.647,3290762873.05805
2021-11-03,4593.17,4676.0,4456.0,4606.59,1476260.698,6750265632.46388,732460.112,3349860673.98463
2021-11-04,4606.59,4611.23,4423.09,4535.37,1202357.813,5431479120.96728,576930.698,2606693494.93029
2021-11-05,4535.38,4575.0,4445.1,4477.29,967384.995,4358883948.49716,468704.582,2112249158.29508
2021-11-06,4477.29,4538.29,4325.91,4521.4,1062427.875,4714538239.7317,508882.163,2258991666.33596
2021-11-07,4521.7,4642.76,4505.41,4616.5,832391.585,3816126139.59038,412610.985,1891683364.97617
2021-11-08,4616.51,4830.66,4615.21,4814.3,1214445.239,5753273555.99257,600814.466,2846643721.78804
2021-11-09,4814.13,4844.97,4714.83,4734.98,1151973.219,5516088243.02753,566090.194,2710811120.22053
2021-11-10,4734.99,4877.54,4450.0,4632.21,1848828.004,8703427804.71559,893119.456,4206427904.45018
2021-11-11,4632.42,4783.12,4580.9,4721.19,1146003.874,5380011627.03747,561937.342,2638555334.08641
2021-11-12,4721.19,4811.0,4508.0,4665.99,1671025.399,7762478251.17218,808217.322,3754824704.91141
2021-11-13,4665.99,4708.0,4585.11,4644.42,812743.805,3779188246.75865,396529.633,1844110214.93499
2021-11-14,4644.42,4700.0,4515.84,4629.44,947148.676,4354962791.23766,465622.932,2141248755.16082
2021-11-15,4629.75,4771.83,4541.44,4567.01,1351110.691,6306501839.02235,654767.664,3057384166.84025
2021-11-16,4567.01,4567.07,4077.0,4209.42,2734039.543,11760055645.2655,1294570.176,5568312120.65498
2021-11-17,4209.42,4300.0,4062.0,4287.99,1860601.927,7783640525.6704,913440.006,3822140764.47525
2021-11-18,4288.0,4343.33,3957.96,3997.72,2286170.467,9439478791.19713,1101340.529,4548270753.77164
2021-11-19,3997.72,4309.04,3973.14,4293.44,1514406.552,6266188518.48803,760953.458,3149274789.03821
2021-11-20,4293.44,4436.01,4202.24,4412.55,1143613.53,4931186882.83004,574462.367,2477445176.05412
2021-11-21,4412.37,4425.73,4242.0,4259.23,996488.568,4334385457.28967,482160.094,2097727947.94851
2021-11-22,4259.28,4327.75,4019.35,4086.57,1891091.913,7905984342.52,926476.644,3874314370.68371
2021-11-23,4086.41,4387.0,4059.55,4341.36,1636864.585,6895439496.10744,818923.192,3450540823.66869
2021-11-24,4341.36,4377.0,4170.38,4271.29,1365898.959,5822609661.59857,671854.736,2864057507.82437
2021-11-25,4271.29,4558.29,4250.34,4527.86,1247655.55,5497303917.35342,624230.543,2750335857.33328
2021-11-26,4528.2,4555.0,3911.0,4040.66,2657050.069,11001572746.4512,1272401.024,5266372605.4875
2021-11-27,4040.66,4182.66,4027.32,4095.33,1008009.177,4148428146.1635,491467.184,2022800265.4498
2021-11-28,4095.33,4301.07,3958.58,4296.6,1512818.39,6210487095.14454,746165.656,3065377996.76414
2021-11-29,4297.01,4460.0,4280.0,4445.1,1432921.208,6245171955.45936,720031.636,3138621395.99998
2021-11-30,4445.09,4757.8,4347.9,4631.51,2573876.207,11742857991.16934,1290984.307,5891350018.04904
2021-12-01,4631.43,4783.19,4528.5,4586.66,1861557.163,8721654100.22072,921965.251,4320347492.04115
2021-12-02,4586.67,4636.86,4435.76,4514.32,1767131.692,8009972829.01313,866156.227,3926923239.19776
2021-12-03,4514.32,4658.0,4004.0,4213.66,2648380.12,11599142242.40267,1276987.557,5596391806.19256
2021-12-04,4213.67,4237.2,3388.15,4115.79,3531695.892,13904957699.91255,1685267.694,6640391060.72415
2021-12-05,4115.79,4247.19,4033.0,4197.53,1909767.851,7920029236.9875,955878.632,3964943993.80484
2021-12-06,4197.52,4377.58,3920.0,4345.2,2601175.77,10673116598.55363,1301601.745,5343433952.3364
2021-12-07,4345.44,4425.0,4255.27,4305.82,1388803.726,6040967486.57935,704132.906,3063544353.67864
2021-12-08,4305.83,4454.6,4224.98,4435.33,1443466.295,6276303882.73508,724161.277,3149719726.26192
2021-12-09,4435.7,4490.97,4075.0,4103.8,1905332.516,8128100154.37248,934239.558,3986375203.94699
2021-12-10,4103.8,4232.0,3882.84,3895.95,2123045.506,8630315816.21057,1037613.313,4219590637.71057
2021-12-11,3895.85,4094.82,3831.01,4089.81,1729754.927,6927855786.59676,858826.723,3440497966.36373
2021-12-12,4088.86,4173.37,3985.0,4129.0,1044691.201,4250371718.97262,524919.175,2136460514.84705
2021-12-13,4129.16,4142.0,3668.34,3780.63,2252296.914,8753636591.89626,1077590.63,4187782053.06397
2021-12-14,3780.33,3879.13,3682.0,3856.66,1718001.41,6516584351.17794,860515.69,3264805929.02826
2021-12-15,3856.67,4096.0,3639.39,4019.01,2415815.067,9333255722.11962,1216293.854,4700575007.80404
2021-12-16,4019.01,4118.47,3951.14,3958.67,1603846.854,6477885416.67551,795052.944,3212317695.69258
2021-12-17,3958.7,3992.99,3694.2,3873.93,2112402.041,8150384191.8372,1044417.811,4031405178.3771
2021-12-18,3872.98,3997.39,3764.96,3957.64,1306368.673,5102991865.01633,664862.037,2597645006.46707
2021-12-19,3957.65,4034.99,3881.89,3922.51,1402356.037,5534488536.14064,695606.922,2746249783.37654
2021-12-20,3922.51,3981.48,3750.0,3943.48,1741509.419,6712525820.97073,862794.397,3326602572.65187
2021-12-21,3943.64,4063.0,3912.26,4014.38,1246421.469,4984828563.72327,633136.61,2532105700.40649
2021-12-22,4014.38,4074.99,3924.36,3978.62,1076095.044,4313444572.42589,533760.196,2139959337.15589
2021-12-23,3978.63,4153.71,3888.87,4111.3,1586935.899,6342305120.28279,790942.203,3162412138.89739
2021-12-24,4111.31,4133.38,4014.45,4045.0,1026594.079,4194323368.2672,503307.492,2057074991.90787
2021-12-25,4045.19,4138.47,4015.0,4093.87,890361.594,3621803415.02818,452393.34,1840765246.64893
2021-12-26,4093.88,4104.84,4002.0,4062.24,767517.751,3110302732.49935,374805.14,1519130421.78793
2021-12-27,4062.4,4126.0,4030.06,4037.36,837344.643,3412512083.97403,405956.805,1654814228.90877
2021-12-28,4037.35,4037.36,3756.26,3791.99,1675203.532,6515358318.89518,808767.898,3146041359.67125
2021-12-29,3792.0,3825.91,3600.45,3628.55,1318187.731,4938307811.88661,628740.042,2357157171.53485
2021-12-30,3628.49,3766.71,3580.0,3708.37,1023870.718,3783727767.90478,511459.256,1890710432.46539
2021-12-31,3708.45,3814.95,3621.32,3676.02,1343940.174,5019121901.3092,657338.46,2455318242.51639
2022-01-01,3676.01,3776.33,3671.86,3763.06,755619.793,2815651909.34339,374973.37,1397453273.20879
2022-01-02,3763.05,3860.0,3714.48,3826.21,740079.43,2798657676.16421,380197.071,1438262996.19347
2022-01-03,3826.1,3850.0,3680.0,3764.07,999879.353,3777721163.97305,485541.732,1834763812.23665
2022-01-04,3764.07,3893.19,3711.0,3785.6,1253780.69,4775534414.28812,631582.491,2406003407.58924
2022-01-05,3785.6,3847.18,3405.0,3537.71,1813981.948,6675092541.77517,870855.603,3205775294.72495
2022-01-06,3537.81,3549.11,3292.31,3404.6,1840489.348,6279177286.15747,902767.537,3080987789.69944
2022-01-07,3404.61,3415.35,3040.77,3196.58,2855226.352,9156175041.42808,1385097.55,4442877232.85936
2022-01-08,3196.58,3248.03,2996.45,3080.03,1859886.155,5808043464.37497,915949.549,2860873049.3519
2022-01-09,3079.86,3209.4,3057.0,3150.0,1230848.792,3853748750.33209,618102.939,1935566723.02496
2022-01-10,3149.99,3179.16,2924.78,3081.31,2322294.565,7079565083.20333,1148983.072,3502967966.63497
2022-01-11,3081.25,3262.66,3050.58,3236.86,1533503.746,4836151992.53377,773577.009,2439879607.6113
2022-01-12,3236.86,3411.0,3203.85,3369.93,1435454.649,4753099829.92951,737104.09,2441631267.65085
2022-01-13,3369.92,3408.89,3230.97,3240.36,1374273.064,4558640511.93513,671380.571,2227413038.34845
2022-01-14,3240.32,3342.63,3181.2,3305.6,1309794.267,4271754423.42846,658810.445,2149597068.08969
2022-01-15,3305.61,3372.0,3257.59,3324.05,809020.133,2687321901.17641,403309.029,1340071430.72307
2022-01-16,3324.06,3394.62,3269.01,3345.49,934941.801,3112687274.02912,475563.74,1583857257.27678
2022-01-17,3345.5,3355.3,3139.37,3208.61,1440138.934,4673076476.50251,713648.866,2315979167.25524
2022-01-18,3208.6,3243.95,3080.5,3159.32,1589444.667,5010157515.14645,792354.659,2497982478.65501
2022-01-19,3159.31,3174.6,3045.0,3082.81,1668517.082,5189639864.18362,827915.615,2575812422.60448
2022-01-20,3082.8,3272.24,2985.0,2999.92,1880719.448,5926009927.5985,951170.197,2998472472.20511
2022-01-21,2999.92,3031.9,2460.0,2566.91,4517274.359,12514701125.46148,2200477.083,6098060560.24197
2022-01-22,2566.91,2625.6,2293.56,2410.96,4662398.873,11407543010.036,2315583.584,5667992037.60323
2022-01-23,2410.57,2549.0,2368.0,2538.41,2371974.868,5833997685.39064,1211371.166,2980950643.00904
2022-01-24,2538.4,2539.59,2151.0,2438.13,4694300.254,10840194199.53302,2366956.599,5465216077.754
2022-01-25,2437.87,2504.98,2349.6,2457.37,2325976.562,5636577032.24078,1179167.455,2858603889.84165
2022-01-26,2457.37,2720.06,2400.01,2461.61,3370868.336,8579635823.06901,1711041.047,4356821161.78977
2022-01-27,2461.62,2520.0,2314.33,2422.61,2706734.602,6551124353.29313,1357961.379,3287944611.3125
2022-01-28,2422.61,2556.93,2357.0,2543.34,2394675.788,5832709367.68838,1225252.464,2986707220.13692
2022-01-29,2543.34,2658.41,2519.21,2599.94,1522389.395,3909322807.94748,768347.892,1973963749.76406
2022-01-30,2599.93,2644.93,2541.46,2600.45,1322236.477,3431223524.16989,677924.103,1759815045.63828
2022-01-31,2600.45,2706.47,2475.33,2685.34,2119778.986,5497599951.88833,1092721.93,2836083345.48585
2022-02-01,2685.34,2812.94,2672.61,2786.38,2054796.845,5668520842.67734,1054869.861,2910128881.82822
2022-02-02,2786.37,2810.0,2610.4,2678.0,2354857.007,6390741360.31646,1161329.836,3152533644.88095
2022-02-03,2678.47,2722.99,2572.64,2694.37,2171742.641,5720509414.67786,1091608.761,2875951988.55035
2022-02-04,2694.2,2995.0,2670.14,2993.65,2953883.898,8398868704.49046,1531423.303,4354458886.96182
2022-02-05,2993.64,3059.91,2958.01,3011.59,1557391.545,4687429957.09237,786711.318,2368379630.75496
2022-02-06,3011.58,3075.0,2948.0,3054.26,1151529.849,3460851097.7894,581357.686,1747828840.36891
2022-02-07,3054.26,3185.99,2990.83,3138.55,1920591.918,5945879846.5335,978279.765,3029389030.73493
2022-02-08,3138.55,3246.65,3023.28,3115.23,2122006.982,6598768727.89174,1056438.505,3285568021.73335
2022-02-09,3115.23,3269.16,3052.5,3241.82,1571485.369,4964808230.62457,797111.751,2518720555.68676
2022-02-10,3241.79,3282.96,3055.24,3070.9,2672791.971,8499639525.52764,1333421.559,4241251208.96306
2022-02-11,3070.89,3136.55,2873.5,2926.04,2333468.434,7077554747.74226,1143123.633,3467983510.9086
2022-02-12,2926.03,2983.62,2855.0,2916.93,1869241.526,5450989532.57656,920784.062,2685443686.71921
2022-02-13,2917.04,2952.66,2830.31,2870.32,1277486.697,3707939332.4807,632594.457,1836709733.59703
2022-02-14,2870.33,2964.44,2829.8,2928.87,1815960.443,5263552192.95742,910997.874,2641127709.00084
2022-02-15,2928.87,3198.0,2911.85,3183.73,1856076.117,5714091348.62078,954848.633,2939810949.0015
2022-02-16,3183.74,3186.79,3040.42,3121.8,1733462.418,5408024225.21039,857155.629,2674143996.86848
2022-02-17,3121.8,3158.68,2850.0,2890.8,2632604.386,7919238051.35232,1276241.316,3839803752.45899
2022-02-18,2890.75,2941.94,2750.0,2778.46,2162941.471,6148632292.71915,1078421.674,3066047005.91269
2022-02-19,2778.46,2829.99,2691.0,2761.89,1546343.886,4270584831.58429,765108.298,2113426445.53245
2022-02-20,2761.9,2762.89,2573.33,2620.72,2242471.273,5933481403.7028,1107164.273,2929384820.63703
2022-02-21,2620.72,2758.0,2555.56,2566.88,3985389.094,10607780731.93246,2005642.904,5338966041.22877
2022-02-22,2566.88,2670.0,2495.0,2635.57,3195802.792,8250350069.89216,1619507.436,4182415961.74897
2022-02-23,2635.57,2752.38,2573.39,2578.02,2704599.315,7224805564.13842,1336758.643,3571619613.41271
2022-02-24,2578.02,2777.33,2298.72,2595.47,6227786.305,15271087886.32285,3139396.939,7698292990.01452
2022-02-25,2595.47,2835.0,2571.68,2766.36,2936418.882,7859621309.73445,1495854.279,4005447438.97709
2022-02-26,2766.42,2882.0,2726.0,2778.15,1852287.146,5167387400.86429,925077.103,2581865633.17048
2022-02-27,2778.15,2836.21,2553.68,2615.99,2948786.157,7998715417.35802,1446388.727,3924840188.70364
2022-02-28,2615.99,2966.0,2565.0,2920.1,3405929.703,9267533739.81621,1732007.615,4718805944.11781
2022-03-01,2920.05,3036.0,2852.2,2975.61,2903119.452,8544403642.44822,1444478.697,4252815639.03993
2022-03-02,2975.61,3046.46,2912.96,2947.47,2628094.604,7817489406.51165,1298130.046,3862517286.31753
2022-03-03,2947.48,2970.0,2781.77,2832.97,2068430.471,5935025460.83803,1005589.849,2885815057.2467
2022-03-04,2832.98,2835.9,2570.65,2620.25,2431616.203,6556161324.43909,1181918.387,3186218162.76912
2022-03-05,2620.25,2684.87,2588.0,2663.55,1085460.56,2866022819.73462,542236.339,1431884209.93311
2022-03-06,2663.55,2674.61,2529.0,2549.37,1394552.348,3653497883.30399,678469.048,1777884035.09776
2022-03-07,2549.36,2650.0,2431.62,2489.9,2690724.432,6844133016.58346,1334090.842,3394448207.16211
2022-03-08,2489.84,2623.0,2478.35,2575.49,2643188.688,6770376286.07039,1326739.569,3399232975.82482
2022-03-09,2575.5,2773.17,2566.41,2726.37,2075382.606,5619678231.05178,1065564.117,2884105324.81258
2022-03-10,2726.37,2733.37,2546.83,2605.44,2036842.087,5317486921.07739,996769.933,2602194847.52978
2022-03-11,2605.43,2676.2,2520.5,2555.89,2046135.535,5300909392.6962,1018583.621,2639372595.8329
2022-03-12,2555.9,2620.0,2552.22,2567.64,835243.91,2158684698.28486,419451.7,1084293842.24743
2022-03-13,2567.63,2604.13,2490.25,2514.07,1153034.412,2952206474.62885,558716.365,1431178938.90646
2022-03-14,2513.77,2609.32,2496.85,2588.96,1700607.097,4359481633.20476,868925.572,2227739646.33532
2022-03-15,2588.96,2668.8,2504.5,2617.29,2010933.59,5180763260.29182,1021557.951,2632926318.23309
2022-03-16,2617.29,2789.86,2602.06,2772.78,2671403.544,7174881501.972,1385429.91,3722850835.74084
2022-03-17,2772.78,2839.0,2745.33,2810.74,1388608.329,3874029264.8057,710453.943,1982717128.23561
2022-03-18,2810.75,2984.72,2760.0,2938.02,2012338.322,5743230991.25995,1041776.996,2974787546.08596
2022-03-19,2938.03,2992.0,2890.6,2950.0,1138322.115,3357316687.44774,554826.606,1636873555.32168
2022-03-20,2949.9,2965.0,2817.49,2860.47,1437020.801,4147063354.36078,694125.832,2003633753.17303
2022-03-21,2860.53,2960.0,2830.5,2889.08,1686819.608,4892675845.46698,841002.607,2439586759.80094
2022-03-22,2889.07,3055.9,2885.49,2968.49,1797753.573,5382225852.73813,900225.366,2694997108.88053
2022-03-23,2968.48,3043.69,2915.51,3035.55,1781378.735,5298210934.19466,881814.931,2623674368.63429
2022-03-24,3035.54,3129.75,3001.0,3109.89,2081151.644,6374707643.69508,1053819.11,3229468168.26125
2022-03-25,3109.89,3195.0,3075.0,3101.37,2007262.806,6287041331.74681,1002738.046,3141333616.82659
2022-03-26,3101.37,3152.24,3084.03,3143.47,760414.286,2373068593.90462,379354.337,1184179332.07978
2022-03-27,3143.47,3299.33,3125.26,3295.01,1243196.793,3969755255.96455,647722.164,2069573448.35966
2022-03-28,3295.01,3430.0,3274.3,3333.62,1780150.955,5967520102.20501,887547.271,2975865277.8301
2022-03-29,3333.62,3480.0,3330.32,3399.0,1928941.55,6583444774.67217,966426.807,3298793890.23792
2022-03-30,3399.0,3447.74,3332.0,3385.1,1512369.419,5123666479.18429,740520.27,2509451690.85627
2022-03-31,3385.09,3444.6,3260.84,3281.43,1815474.754,6079844304.562,881263.691,2951556932.78967
2022-04-01,3281.43,3483.12,3210.06,3454.33,2109764.119,7072994919.3486,1058417.897,3549534808.87093
2022-04-02,3454.33,3533.0,3430.2,3443.07,1652414.36,5750301550.87988,821573.386,2859594662.4313
2022-04-03,3443.06,3580.0,3411.9,3520.76,1431228.504,5003591177.3317,717298.807,2508455562.05967
2022-04-04,3520.65,3551.55,3405.03,3518.96,1653737.507,5747409279.23374,814828.402,2832887814.07611
2022-04-05,3518.97,3554.99,3388.97,3405.04,1487565.105,5173971174.2849,705418.551,2454478528.86031
2022-04-06,3405.03,3406.08,3160.19,3166.78,2622721.98,8579524051.95511,1264197.684,4134599421.60509
2022-04-07,3166.77,3267.58,3140.33,3225.15,1752183.226,5620103056.30526,869637.762,2789630867.01119
2022-04-08,3225.0,3315.0,3171.95,3191.26,1958267.702,6370437705.00749,970790.3,3159117821.19071
2022-04-09,3191.27,3269.62,3180.24,3257.53,909857.465,2928136396.63502,467480.356,1505022197.70436
2022-04-10,3257.54,3307.21,3187.0,3200.24,1000563.67,3254049432.15029,482532.983,1570020307.9176
2022-04-11,3200.24,3212.0,2945.08,2978.69,2565570.206,7861189063.1962,1233985.064,3781136134.34596
2022-04-12,2978.69,3082.0,2948.19,3026.3,1863628.985,5623890363.23573,944457.732,2850191024.61432
2022-04-13,3026.31,3133.0,2995.23,3116.45,1652978.477,5064530681.36142,845245.11,2590443152.8995
2022-04-14,3116.53,3148.0,2973.47,3019.82,1505522.162,4606236523.90761,729643.035,2232547629.22373
2022-04-15,3019.82,3062.81,2990.06,3039.19,923299.874,2793541314.08019,468592.672,1418080902.18844
2022-04-16,3039.2,3090.0,3008.08,3057.99,652575.022,1983250932.42988,338829.606,1030056095.64987
2022-04-17,3058.0,3082.56,2980.6,2986.03,1075168.023,3272956187.26666,534072.882,1626510147.98233
2022-04-18,2986.02,3069.0,2875.87,3054.02,1815827.195,5367447373.56267,919075.245,2719000696.98827
2022-04-19,3054.02,3129.43,3027.66,3100.42,1194169.089,3675189299.32606,610595.654,1879547259.18505
2022-04-20,3100.43,3173.89,3031.48,3074.01,1393841.93,4315689906.27074,691942.796,2143113010.76509
2022-04-21,3073.96,3180.0,2933.33,2981.31,1801732.011,5555789275.52444,889830.5,2746013229.20583
2022-04-22,2981.31,3035.37,2930.26,2960.38,1476858.769,4405125111.45917,730948.751,2180500626.62669
2022-04-23,2960.39,2976.82,2904.36,2930.28,615769.147,1817888152.35829,298838.064,882524029.16401
2022-04-24,2930.28,2967.2,2908.99,2918.97,847760.075,2491367633.1007,421006.556,1237364231.93581
2022-04-25,2918.98,3026.02,2791.3,3006.11,2207537.517,6381274608.20131,1109715.762,3210812274.1221
2022-04-26,3006.12,3043.0,2761.27,2807.88,2115673.365,6148208700.99848,1021787.535,2970674947.37231
2022-04-27,2807.89,2920.0,2792.27,2887.57,1889647.276,5415643571.37906,958715.968,2748484118.34543
2022-04-28,2887.57,2979.76,2853.24,2935.39,1925868.923,5612621053.48657,990190.304,2886655394.7479
2022-04-29,2935.39,2946.29,2776.0,2815.37,1671919.811,4775274689.59476,807090.755,2305770669.83597
2022-04-30,2815.38,2841.04,2711.65,2725.1,1115770.231,3118023087.07109,540019.6,1509733010.62816
2022-05-01,2725.1,2849.0,2714.5,2823.38,1217450.891,3385139761.72705,629035.872,1749912077.69001
2022-05-02,2823.38,2882.15,2774.97,2855.16,1598694.15,4519577853.11413,810227.003,2291400982.89933
2022-05-03,2855.15,2860.76,2753.0,2780.91,1170566.655,3294651871.44225,578088.174,1627404787.78782
2022-05-04,2780.92,2965.0,2770.08,2939.76,1716921.512,4918906434.58761,887647.461,2543482345.34626
2022-05-05,2939.76,2955.79,2684.84,2746.37,2174369.003,6098185668.96568,1043396.279,2927129473.47747
2022-05-06,2746.36,2757.28,2630.0,2691.59,1917392.823,5168734732.80876,947109.621,2553451730.10315
2022-05-07,2691.6,2703.61,2581.89,2634.82,963077.904,2563154598.57406,474806.083,1264277137.49046
2022-05-08,2634.82,2641.11,2480.0,2518.9,1999269.154,5089866425.1632,983645.67,2504608525.55616
2022-05-09,2519.03,2530.88,2222.46,2227.48,4531752.048,10697215137.69064,2247689.031,5306393518.03495
2022-05-10,2227.62,2455.88,2197.38,2340.86,4079487.756,9596880256.63219,2065257.288,4857221864.77054
2022-05-11,2340.85,2451.86,2002.0,2083.98,5826464.141,13173803440.07364,2901650.587,6567306052.93728
2022-05-12,2083.98,2193.7,1775.43,1959.78,5639772.981,10971252687.57215,2802475.456,5454933650.80577
2022-05-13,1959.79,2149.99,1939.33,2008.49,2799355.876,5809760462.83815,1416731.736,2940897148.66403
2022-05-14,2008.48,2068.6,1950.07,2055.0,1712302.978,3446491889.9187,877431.054,1766649125.50061
2022-05-15,2054.99,2174.32,2000.0,2144.07,1621232.284,3360404560.97969,826693.91,1714328486.17808
2022-05-16,2144.06,2144.07,1976.0,2022.89,2642704.669,5366648840.78374,1310753.657,2661843757.73466
2022-05-17,2022.79,2124.1,2006.71,2090.0,1960680.703,4051495838.11071,1009465.282,2086340758.07734
2022-05-18,2090.0,2110.89,1906.61,1914.2,2331823.162,4654040139.80995,1131084.717,2257769248.51224
2022-05-19,1914.19,2039.3,1901.7,2019.46,2582771.916,5090224818.55394,1321097.342,2604286999.12748
2022-05-20,2019.45,2064.74,1922.0,1958.69,2606153.056,5192199953.44636,1300688.194,2592380594.28459
2022-05-21,1958.69,1990.75,1935.52,1973.94,1160939.76,2287008380.25312,583233.013,1149116707.06946
2022-05-22,1973.94,2056.73,1965.25,2042.63,1433318.968,2881685469.42391,741460.528,1490853303.49115
2022-05-23,2042.63,2088.6,1955.01,1972.45,2340762.693,4768428725.69658,1150825.976,2345307477.84321
2022-05-24,1972.45,1993.72,1911.38,1978.56,2077293.838,4070659059.88736,1034894.018,2028175847.59929
2022-05-25,1978.56,2022.74,1933.0,1942.0,2151769.493,4241561280.90225,1071340.72,2112405356.95718
2022-05-26,1942.01,1965.28,1725.0,1791.02,4404820.882,8138603051.65734,2149194.778,3972098623.96372
2022-05-27,1790.99,1821.85,1694.97,1726.55,4743622.208,8357706808.1021,2385581.642,4204148974.53291
2022-05-28,1726.55,1809.33,1721.3,1791.74,2072895.705,3668617968.70122,1048172.486,1855201292.11046
2022-05-29,1791.75,1829.0,1755.25,1812.45,1640982.631,2945787959.89123,837994.51,1504699216.45287
2022-05-30,1812.46,2013.56,1801.52,1997.87,3264009.122,6239500143.71399,1706277.017,3262683988.23179
2022-05-31,1997.87,2016.77,1922.0,1941.68,2655076.664,5223236544.60503,1304184.037,2566087967.45238
2022-06-01,1941.68,1972.77,1758.52,1817.1,3499271.987,6601368863.36227,1713993.383,3234941110.05324
2022-06-02,1817.16,1852.99,1780.48,1833.37,2390879.573,4344141365.88604,1196336.173,2174173274.03294
