date,amount,price,sid,symbol,value
2022-01-02 13:00:00+00:00,-31847.133757961783,3.14,0,btc_day,100000.0
2022-01-04 02:00:00+00:00,31847.133757961783,3.038,0,btc_day,-96751.59235668789
2022-01-04 09:00:00+00:00,-32566.195393424692,3.166,0,btc_day,103104.57461558258
2022-01-05 20:00:00+00:00,32566.195393424692,2.981,0,btc_day,-97079.828467799
2022-01-12 00:00:00+00:00,-45144.55084522949,2.417,0,btc_day,109114.37939291967
2022-01-12 01:00:00+00:00,45144.55084522949,2.445,0,btc_day,-110378.4268165861
2022-01-12 08:00:00+00:00,-43734.794986513574,2.467,0,btc_day,107893.73923172899
2022-01-12 10:00:00+00:00,43734.794986513574,2.516,0,btc_day,-110036.74418606816
2022-01-12 18:00:00+00:00,-40341.11532838805,2.616,0,btc_day,105532.35769906314
2022-01-12 22:00:00+00:00,40341.11532838805,2.632,0,btc_day,-106177.81554431735
2022-01-13 01:00:00+00:00,-39985.58404597924,2.619,0,btc_day,104722.24461641963
2022-01-13 05:00:00+00:00,39985.58404597924,2.659,0,btc_day,-106321.66797825879
2022-01-13 10:00:00+00:00,-38149.60224107827,2.702,0,btc_day,103080.22525539348
2022-01-14 12:00:00+00:00,38149.60224107827,2.547,0,btc_day,-97167.03690802635
2022-01-15 11:00:00+00:00,-41600.40637653161,2.62,0,btc_day,108993.06470651283
2022-01-15 14:00:00+00:00,41600.40637653161,2.655,0,btc_day,-110449.07892969142
2022-01-15 15:00:00+00:00,-40424.4159651875,2.659,0,btc_day,107488.52205143355
2022-01-17 04:00:00+00:00,40424.4159651875,2.593,0,btc_day,-104820.51059773119
2022-01-20 17:00:00+00:00,-45525.977259994164,2.415,0,btc_day,109945.2350828859
2022-01-20 22:00:00+00:00,45525.977259994164,2.251,0,btc_day,-102478.97481224686
2022-01-26 09:00:00+00:00,-75094.08294742604,1.563,0,btc_day,117372.05164682689
2022-01-26 15:00:00+00:00,75094.08294742604,1.61,0,btc_day,-120901.47354535593
2022-01-26 16:00:00+00:00,-70959.02703569621,1.604,0,btc_day,113818.27936525673
2022-01-27 02:00:00+00:00,70959.02703569621,1.463,0,btc_day,-103813.05655322356
2022-01-29 14:00:00+00:00,-85286.54525233574,1.451,0,btc_day,123750.77716113917
2022-01-30 20:00:00+00:00,85286.54525233574,1.368,0,btc_day,-116671.9939051953
2022-01-31 17:00:00+00:00,-95572.86376254878,1.368,0,btc_day,130743.67762716673
2022-02-01 02:00:00+00:00,95572.86376254878,1.392,0,btc_day,-133037.4263574679
2022-02-01 10:00:00+00:00,-89936.07544986617,1.424,0,btc_day,128068.97144060941
2022-02-02 22:00:00+00:00,89936.07544986617,1.374,0,btc_day,-123572.16766811613
2022-02-04 00:00:00+00:00,-93018.92770572158,1.425,0,btc_day,132551.97198065327
2022-02-04 04:00:00+00:00,93018.92770572158,1.476,0,btc_day,-137295.93729364505
2022-02-04 05:00:00+00:00,-87290.35958446546,1.464,0,btc_day,127793.08643165743
2022-02-04 06:00:00+00:00,87290.35958446546,1.493,0,btc_day,-130324.50685960695
2022-02-04 11:00:00+00:00,-83051.37290404209,1.506,0,btc_day,125075.36759348739
2022-02-05 00:00:00+00:00,83051.37290404209,1.563,0,btc_day,-129809.29584901778
2022-02-05 11:00:00+00:00,-73772.24821918088,1.632,0,btc_day,120396.3090937032
2022-02-07 04:00:00+00:00,73772.24821918088,1.719,0,btc_day,-126814.49468877194
2022-02-07 06:00:00+00:00,-64662.19711869448,1.76,0,btc_day,113805.46692890229
2022-02-08 13:00:00+00:00,64662.19711869448,1.646,0,btc_day,-106433.9764573711
2022-02-09 19:00:00+00:00,-70564.60467545393,1.715,0,btc_day,121018.2970184035
2022-02-09 20:00:00+00:00,70564.60467545393,1.763,0,btc_day,-124405.39804282527
2022-02-09 22:00:00+00:00,-67087.04570486749,1.751,0,btc_day,117469.41702922297
2022-02-09 23:00:00+00:00,67087.04570486749,1.774,0,btc_day,-119012.41908043492
2022-02-10 09:00:00+00:00,-64749.30001952924,1.792,0,btc_day,116030.7456349964
2022-02-11 10:00:00+00:00,64749.30001952924,1.953,0,btc_day,-126455.38293814061
2022-02-11 13:00:00+00:00,-54018.62939569846,1.95,0,btc_day,105336.327321612
2022-02-11 20:00:00+00:00,54018.62939569846,1.687,0,btc_day,-91129.4277905433
2022-02-15 07:00:00+00:00,-76015.68837217242,1.573,0,btc_day,119572.6778094272
2022-02-15 09:00:00+00:00,76015.68837217242,1.6,0,btc_day,-121625.10139547587
2022-02-15 17:00:00+00:00,-72039.12583539668,1.631,0,btc_day,117495.81423753199
2022-02-16 00:00:00+00:00,72039.12583539668,1.696,0,btc_day,-122178.35741683278
2022-02-16 01:00:00+00:00,-66772.59173902434,1.687,0,btc_day,112645.36226373407
2022-02-16 15:00:00+00:00,66772.59173902434,1.602,0,btc_day,-106969.691965917
2022-02-16 20:00:00+00:00,-69589.86847549104,1.699,0,btc_day,118233.18653985928
2022-02-17 15:00:00+00:00,69589.86847549104,1.588,0,btc_day,-110508.71113907977
2022-02-21 02:00:00+00:00,-86387.2101452074,1.457,0,btc_day,125866.16518156718
2022-02-21 12:00:00+00:00,86387.2101452074,1.373,0,btc_day,-118609.63952936976
2022-02-23 09:00:00+00:00,-93944.13877957646,1.416,0,btc_day,133024.90051188026
2022-02-23 14:00:00+00:00,93944.13877957646,1.443,0,btc_day,-135561.39225892883
2022-02-25 10:00:00+00:00,-103231.17517634474,1.262,0,btc_day,130277.74307254706
2022-02-25 16:00:00+00:00,103231.17517634474,1.31,0,btc_day,-135232.83948101162
2022-02-26 06:00:00+00:00,-87088.02891329912,1.441,0,btc_day,125493.84966406404
2022-02-27 01:00:00+00:00,87088.02891329912,1.334,0,btc_day,-116175.43057034102
2022-02-28 15:00:00+00:00,-98205.41969917274,1.37,0,btc_day,134541.42498786666
2022-02-28 16:00:00+00:00,98205.41969917274,1.395,0,btc_day,-136996.56048034597
2022-02-28 17:00:00+00:00,-95844.3531599129,1.375,0,btc_day,131785.98559488024
2022-02-28 23:00:00+00:00,95844.3531599129,1.41,0,btc_day,-135140.5379554772
2022-03-01 10:00:00+00:00,-85964.11460279797,1.496,0,btc_day,128602.31544578576
2022-03-03 16:00:00+00:00,85964.11460279797,1.429,0,btc_day,-122842.7197673983
2022-03-05 17:00:00+00:00,-96183.06021181731,1.394,0,btc_day,134079.18593527333
2022-03-06 09:00:00+00:00,96183.06021181731,1.33,0,btc_day,-127923.47008171704
2022-03-09 03:00:00+00:00,-113451.68591151672,1.236,0,btc_day,140226.28378663465
2022-03-09 04:00:00+00:00,113451.68591151672,1.265,0,btc_day,-143516.38267806865
2022-03-09 12:00:00+00:00,-105329.24390193596,1.299,0,btc_day,136822.6878286148
2022-03-10 05:00:00+00:00,105329.24390193596,1.216,0,btc_day,-128080.36058475412
2022-03-11 12:00:00+00:00,-120214.09409347942,1.21,0,btc_day,145459.0538531101
2022-03-11 21:00:00+00:00,120214.09409347942,1.146,0,btc_day,-137765.3518311274
2022-03-13 03:00:00+00:00,-131590.2546111944,1.163,0,btc_day,153039.4661128191
2022-03-13 13:00:00+00:00,131590.2546111944,1.121,0,btc_day,-147512.67541914893
2022-03-15 00:00:00+00:00,-138139.52567556797,1.147,0,btc_day,158446.03594987647
2022-03-18 01:00:00+00:00,138139.52567556797,1.162,0,btc_day,-160518.12883500996
2022-03-18 16:00:00+00:00,-129880.59634150373,1.205,0,btc_day,156506.118591512
2022-03-18 17:00:00+00:00,129880.59634150373,1.231,0,btc_day,-159883.0140963911
2022-03-18 19:00:00+00:00,-124688.08672724466,1.226,0,btc_day,152867.59432760195
2022-03-18 20:00:00+00:00,124688.08672724466,1.241,0,btc_day,-154737.91562851064
2022-03-18 21:00:00+00:00,-122361.64183115553,1.231,0,btc_day,150627.18109415247
2022-03-19 01:00:00+00:00,122361.64183115553,1.25,0,btc_day,-152952.05228894443
2022-03-19 03:00:00+00:00,-119406.79536862999,1.243,0,btc_day,148422.6466432071
2022-03-19 05:00:00+00:00,119406.79536862999,1.275,0,btc_day,-152243.66409500322
2022-03-19 06:00:00+00:00,-114391.4071883891,1.262,0,btc_day,144361.95587174705
2022-03-19 12:00:00+00:00,114391.4071883891,1.292,0,btc_day,-147793.69808739872
2022-03-19 13:00:00+00:00,-109327.13617586314,1.289,0,btc_day,140922.67853068758
2022-03-23 15:00:00+00:00,109327.13617586314,1.437,0,btc_day,-157103.09468471532
2022-03-23 16:00:00+00:00,-87562.39446638386,1.422,0,btc_day,124513.72493119785
2022-03-25 17:00:00+00:00,87562.39446638386,1.356,0,btc_day,-118734.60689641653
2022-03-26 17:00:00+00:00,-93800.82394326235,1.388,0,btc_day,130195.54363324813
2022-03-27 01:00:00+00:00,93800.82394326235,1.435,0,btc_day,-134604.1823585815
2022-03-27 04:00:00+00:00,-87704.804617947,1.432,0,btc_day,125593.28021290009
2022-03-27 20:00:00+00:00,87704.804617947,1.497,0,btc_day,-131294.09251306666
2022-03-27 21:00:00+00:00,-79971.59290744568,1.501,0,btc_day,120037.36095407595
2022-03-27 22:00:00+00:00,79971.59290744568,1.518,0,btc_day,-121396.87803350254
2022-03-28 10:00:00+00:00,-72384.67420124661,1.636,0,btc_day,118421.32699323945
2022-03-31 09:00:00+00:00,72384.67420124661,1.812,0,btc_day,-131161.02965265888
2022-03-31 10:00:00+00:00,-58951.30730941469,1.791,0,btc_day,105581.7913911617
2022-03-31 17:00:00+00:00,58951.30730941469,1.606,0,btc_day,-94675.79953892
2022-04-01 01:00:00+00:00,-65104.96655874239,1.788,0,btc_day,116407.68020703139
2022-04-01 18:00:00+00:00,65104.96655874239,1.916,0,btc_day,-124741.11592655041
2022-04-01 19:00:00+00:00,-58588.05478516491,1.841,0,btc_day,107860.6088594886
2022-04-02 09:00:00+00:00,58588.05478516491,2.091,0,btc_day,-122507.62255577983
2022-04-12 11:00:00+00:00,-70903.89656289092,1.315,0,btc_day,93238.62398020156
2022-04-12 12:00:00+00:00,70903.89656289092,1.34,0,btc_day,-95011.22139427385
2022-04-12 13:00:00+00:00,-67999.05255057997,1.344,0,btc_day,91390.72662797949
2022-04-14 02:00:00+00:00,67999.05255057997,1.414,0,btc_day,-96150.66030652008
2022-04-14 04:00:00+00:00,-61737.35834141589,1.403,0,btc_day,86617.5137530065
2022-04-14 16:00:00+00:00,61737.35834141589,1.32,0,btc_day,-81493.31301066898
2022-04-15 04:00:00+00:00,-66289.96585115569,1.383,0,btc_day,91679.02277214832
2022-04-17 16:00:00+00:00,66289.96585115569,1.428,0,btc_day,-94662.07123545032
2022-04-17 17:00:00+00:00,-62583.14339603683,1.415,0,btc_day,88555.14790539212
2022-04-18 00:00:00+00:00,62583.14339603683,1.333,0,btc_day,-83423.3301469171
2022-04-18 18:00:00+00:00,-70073.48373701064,1.337,0,btc_day,93688.24775638322
2022-04-18 23:00:00+00:00,70073.48373701064,1.372,0,btc_day,-96140.8196871786
2022-04-19 03:00:00+00:00,-66440.31416110387,1.371,0,btc_day,91089.67071487341
2022-04-19 05:00:00+00:00,66440.31416110387,1.393,0,btc_day,-92551.3576264177
2022-04-19 10:00:00+00:00,-64427.71754819613,1.391,0,btc_day,89618.95510954082
2022-04-19 15:00:00+00:00,64427.71754819613,1.441,0,btc_day,-92840.34098695063
2022-04-19 16:00:00+00:00,-60661.15175537568,1.422,0,btc_day,86260.15779614421
2022-04-20 11:00:00+00:00,60661.15175537568,1.488,0,btc_day,-90263.79381199901
2022-04-20 12:00:00+00:00,-55568.568086305706,1.479,0,btc_day,82185.91219964615
2022-04-20 19:00:00+00:00,55568.568086305706,1.372,0,btc_day,-76240.07541441143
2022-04-21 02:00:00+00:00,-60611.40990353423,1.454,0,btc_day,88128.98999973877
2022-04-21 20:00:00+00:00,60611.40990353423,1.377,0,btc_day,-83461.91143716664
2022-04-25 23:00:00+00:00,-70792.07088757266,1.31,0,btc_day,92737.61286272018
2022-04-26 01:00:00+00:00,70792.07088757266,1.33,0,btc_day,-94153.45428047163
2022-04-26 02:00:00+00:00,-68916.26828966281,1.324,0,btc_day,91245.13921551357
2022-04-26 06:00:00+00:00,68916.26828966281,1.359,0,btc_day,-93657.20860565176
2022-04-26 08:00:00+00:00,-66038.86270882892,1.343,0,btc_day,88690.19261795723
2022-04-26 14:00:00+00:00,66038.86270882892,1.283,0,btc_day,-84727.8608554275
2022-04-28 08:00:00+00:00,-72842.767237685,1.272,0,btc_day,92655.99992633531
2022-04-28 10:00:00+00:00,72842.767237685,1.294,0,btc_day,-94258.5408055644
2022-04-28 12:00:00+00:00,-70306.14885040665,1.294,0,btc_day,90976.1566124262
2022-04-29 11:00:00+00:00,70306.14885040665,1.217,0,btc_day,-85562.5831509449
2022-05-01 16:00:00+00:00,-87340.11654187998,1.103,0,btc_day,96336.14854569362
2022-05-02 12:00:00+00:00,87340.11654187998,1.056,0,btc_day,-92231.16306822526
2022-05-03 06:00:00+00:00,-89454.38624618604,1.121,0,btc_day,100278.36698197456
2022-05-04 11:00:00+00:00,89454.38624618604,1.149,0,btc_day,-102783.08979686776
2022-05-04 12:00:00+00:00,-85695.10489857003,1.142,0,btc_day,97863.80979416697
2022-05-04 19:00:00+00:00,85695.10489857003,1.186,0,btc_day,-101634.39440970405
2022-05-13 03:00:00+00:00,-180119.07041679695,0.52,0,btc_day,93661.91661673442
2022-05-13 04:00:00+00:00,180119.07041679695,0.558,0,btc_day,-100506.44129257271
2022-05-13 08:00:00+00:00,-154386.93369120645,0.564,0,btc_day,87074.23060184043
2022-05-13 10:00:00+00:00,154386.93369120645,0.592,0,btc_day,-91397.0647451942
2022-05-13 13:00:00+00:00,-140111.41087717592,0.59,0,btc_day,82665.73241753379
2022-05-14 14:00:00+00:00,140111.41087717592,0.496,0,btc_day,-69495.25979507926
2022-05-14 22:00:00+00:00,-161819.33880241305,0.592,0,btc_day,95797.04857102853
2022-05-14 23:00:00+00:00,161819.33880241305,0.606,0,btc_day,-98062.5193142623
2022-05-15 02:00:00+00:00,-152189.5834614,0.613,0,btc_day,93292.2146618382
2022-05-15 19:00:00+00:00,152189.5834614,0.548,0,btc_day,-83399.8917368472
2022-05-17 04:00:00+00:00,-178397.68294856354,0.579,0,btc_day,103292.25842721829
2022-05-17 07:00:00+00:00,178397.68294856354,0.595,0,btc_day,-106146.6213543953
2022-05-17 09:00:00+00:00,-170366.87460064632,0.588,0,btc_day,100175.72226518003
2022-05-18 01:00:00+00:00,170366.87460064632,0.627,0,btc_day,-106820.03037460524
2022-05-18 02:00:00+00:00,-153194.45222081785,0.61,0,btc_day,93448.61585469889
2022-05-18 14:00:00+00:00,153194.45222081785,0.56,0,btc_day,-85788.893243658
2022-05-19 17:00:00+00:00,-166727.13442590827,0.606,0,btc_day,101036.6434621004
2022-05-20 00:00:00+00:00,166727.13442590827,0.631,0,btc_day,-105204.82182274811
2022-05-20 01:00:00+00:00,-155105.71877458142,0.624,0,btc_day,96785.9685153388
2022-05-20 16:00:00+00:00,155105.71877458142,0.57,0,btc_day,-88410.2597015114
2022-05-21 16:00:00+00:00,-168679.93392918052,0.623,0,btc_day,105087.59883787947
2022-05-23 13:00:00+00:00,168679.93392918052,0.659,0,btc_day,-111160.07645932997
2022-05-23 16:00:00+00:00,-148318.7738325488,0.668,0,btc_day,99076.9409201426
2022-05-24 14:00:00+00:00,148318.7738325488,0.607,0,btc_day,-90029.49571635711
2022-05-25 23:00:00+00:00,-160566.10829678708,0.672,0,btc_day,107900.42477544092
2022-05-26 09:00:00+00:00,160566.10829678708,0.573,0,btc_day,-92004.38005405899
2022-05-29 20:00:00+00:00,-217046.50451735276,0.57,0,btc_day,123716.50757489106
2022-05-30 00:00:00+00:00,217046.50451735276,0.606,0,btc_day,-131530.18173751578
2022-05-30 11:00:00+00:00,-169299.3197902652,0.685,0,btc_day,115970.03405633167
2022-06-01 04:00:00+00:00,169299.3197902652,0.645,0,btc_day,-109198.06126472107
2022-06-04 05:00:00+00:00,-202116.5681353525,0.606,0,btc_day,122482.64029002361
2022-06-06 02:00:00+00:00,202116.5681353525,0.636,0,btc_day,-128546.1373340842
2022-06-06 06:00:00+00:00,-182603.97446611206,0.638,0,btc_day,116501.3357093795
2022-06-06 07:00:00+00:00,182603.97446611206,0.647,0,btc_day,-118144.77147957451
2022-06-06 08:00:00+00:00,-178475.75937981743,0.643,0,btc_day,114759.91328122262
2022-06-06 09:00:00+00:00,178475.75937981743,0.648,0,btc_day,-115652.2920781217
2022-06-06 12:00:00+00:00,-175033.73473466863,0.65,0,btc_day,113771.92757753462
2022-06-07 01:00:00+00:00,175033.73473466863,0.605,0,btc_day,-105895.40951447452
2022-06-07 17:00:00+00:00,-189664.9140172238,0.64,0,btc_day,121385.54497102324
2022-06-07 20:00:00+00:00,189664.9140172238,0.662,0,btc_day,-125558.17307940217
2022-06-07 23:00:00+00:00,-147684.91724517543,0.79,0,btc_day,116671.0846236886
2022-06-08 18:00:00+00:00,147684.91724517543,1.111,0,btc_day,-164077.9430593899
2022-06-08 20:00:00+00:00,-63210.70057098058,1.106,0,btc_day,69911.03483150453
2022-06-09 23:00:00+00:00,63210.70057098058,0.755,0,btc_day,-47724.07893109034
2022-06-12 15:00:00+00:00,-125836.60244658265,0.729,0,btc_day,91734.88318355875
2022-06-12 18:00:00+00:00,125836.60244658265,0.929,0,btc_day,-116902.20367287529
2022-06-12 21:00:00+00:00,-74035.75485467666,0.898,0,btc_day,66484.10785949965
2022-06-14 21:00:00+00:00,74035.75485467666,0.801,0,btc_day,-59302.63963859601
2022-06-17 22:00:00+00:00,-96229.09984497262,0.765,0,btc_day,73615.26138140405
2022-06-18 08:00:00+00:00,96229.09984497262,0.866,0,btc_day,-83334.40046574628
2022-06-18 09:00:00+00:00,-75453.12344246214,0.848,0,btc_day,63984.24867920789
2022-06-18 10:00:00+00:00,75453.12344246214,0.883,0,btc_day,-66625.10799969407
2022-06-18 16:00:00+00:00,-66529.09615795997,0.92,0,btc_day,61206.76846532317
2022-06-20 19:00:00+00:00,66529.09615795997,0.877,0,btc_day,-58346.01733053089
2022-06-21 08:00:00+00:00,-68107.7416290087,0.939,0,btc_day,63953.169389639166
2022-06-21 21:00:00+00:00,68107.7416290087,0.859,0,btc_day,-58504.55005931847
2022-06-22 21:00:00+00:00,-61319.89887902765,1.131,0,btc_day,69352.80563218027
2022-06-23 03:00:00+00:00,61319.89887902765,1.206,0,btc_day,-73951.79804810735
2022-06-23 07:00:00+00:00,-53868.852102232384,1.2,0,btc_day,64642.62252267886
2022-06-24 08:00:00+00:00,53868.852102232384,1.252,0,btc_day,-67443.80283199495
2022-06-26 11:00:00+00:00,-56840.51148467199,1.087,0,btc_day,61785.63598383845
2022-06-26 14:00:00+00:00,56840.51148467199,1.137,0,btc_day,-64627.66155807205
2022-06-26 16:00:00+00:00,-51529.620281532145,1.144,0,btc_day,58949.88560207277
2022-06-28 02:00:00+00:00,51529.620281532145,1.037,0,btc_day,-53436.21623194883
2022-07-01 01:00:00+00:00,-73036.96205381304,0.882,0,btc_day,64418.600531463104
2022-07-02 01:00:00+00:00,73036.96205381304,0.814,0,btc_day,-59452.08711180381
2022-07-04 12:00:00+00:00,-82640.72190234221,0.839,0,btc_day,69335.5656760651
2022-07-04 14:00:00+00:00,82640.72190234221,0.875,0,btc_day,-72310.63166454944
2022-07-04 16:00:00+00:00,-76563.32703076735,0.866,0,btc_day,66303.84120864453
2022-07-05 02:00:00+00:00,76563.32703076735,0.91,0,btc_day,-69672.62759799829
2022-07-05 06:00:00+00:00,-67832.43174948015,0.925,0,btc_day,62744.99936826914
2022-07-05 11:00:00+00:00,67832.43174948015,0.969,0,btc_day,-65729.62636524627
2022-07-05 19:00:00+00:00,-60941.59611455966,0.981,0,btc_day,59783.70578838303
2022-07-09 00:00:00+00:00,60941.59611455966,0.906,0,btc_day,-55213.08607979105
2022-07-14 00:00:00+00:00,-83272.01601079208,0.773,0,btc_day,64369.26837634228
2022-07-14 19:00:00+00:00,83272.01601079208,0.791,0,btc_day,-65868.16466453654
2022-07-15 02:00:00+00:00,-78917.43356147195,0.796,0,btc_day,62818.27711493167
2022-07-15 08:00:00+00:00,78917.43356147195,0.839,0,btc_day,-66211.72675807496
2022-07-15 09:00:00+00:00,-72406.36032955998,0.819,0,btc_day,59300.80910990961
2022-07-17 18:00:00+00:00,72406.36032955998,0.783,0,btc_day,-56694.18013804546
2022-07-18 06:00:00+00:00,-75344.82536058898,0.822,0,btc_day,61933.44644640414
2022-07-20 21:00:00+00:00,75344.82536058898,0.796,0,btc_day,-59974.48098702883
2022-07-21 22:00:00+00:00,-77199.09157775826,0.828,0,btc_day,63920.84782638383
2022-07-22 01:00:00+00:00,77199.09157775826,0.848,0,btc_day,-65464.829657939
2022-07-22 02:00:00+00:00,-74104.65789554427,0.84,0,btc_day,62247.91263225718
2022-07-22 07:00:00+00:00,74104.65789554427,0.858,0,btc_day,-63581.79647437698
2022-07-22 09:00:00+00:00,-70281.40520380453,0.866,0,btc_day,60863.696906494726
2022-07-22 20:00:00+00:00,70281.40520380453,0.806,0,btc_day,-56646.812594266456
2022-07-23 02:00:00+00:00,-75620.438389445,0.861,0,btc_day,65109.19745331215
2022-07-23 03:00:00+00:00,75620.438389445,0.923,0,btc_day,-69797.66463345774
2022-07-23 08:00:00+00:00,-65676.63081693072,0.918,0,btc_day,60291.1470899424
2022-07-25 01:00:00+00:00,65676.63081693072,0.841,0,btc_day,-55234.04651703873
2022-07-27 19:00:00+00:00,-83506.44192506812,0.783,0,btc_day,65385.544027328346
2022-07-28 00:00:00+00:00,83506.44192506812,0.796,0,btc_day,-66471.12777235423
2022-07-28 01:00:00+00:00,-81014.7868329009,0.792,0,btc_day,64163.711171657524
2022-07-28 03:00:00+00:00,81014.7868329009,0.806,0,btc_day,-65297.91818731814
2022-07-28 06:00:00+00:00,-78136.12841718773,0.807,0,btc_day,63055.85563267051
2022-07-28 12:00:00+00:00,78136.12841718773,0.859,0,btc_day,-67118.93431036426
2022-07-28 19:00:00+00:00,-67194.7156513497,0.876,0,btc_day,58862.57091058234
2022-07-30 10:00:00+00:00,67194.7156513497,0.978,0,btc_day,-65716.43190702001
2022-07-30 15:00:00+00:00,-50592.87080138036,1.029,0,btc_day,52060.06405462039
2022-07-30 18:00:00+00:00,50592.87080138036,1.061,0,btc_day,-53679.03592026456
2022-07-31 17:00:00+00:00,-45850.146588316784,1.097,0,btc_day,50297.61080738351
2022-08-01 20:00:00+00:00,45850.146588316784,0.979,0,btc_day,-44887.29350996213
2022-08-03 07:00:00+00:00,-56118.804579715674,0.991,0,btc_day,55613.735338498234
2022-08-03 09:00:00+00:00,56118.804579715674,1.042,0,btc_day,-58475.794372063734
2022-08-03 15:00:00+00:00,-47965.59936148021,1.1,0,btc_day,52762.15929762823
2022-08-04 08:00:00+00:00,47965.59936148021,0.998,0,btc_day,-47869.66816275725
2022-08-05 11:00:00+00:00,-56319.059336769365,1.023,0,btc_day,57614.39770151505
2022-08-06 08:00:00+00:00,56319.059336769365,1.037,0,btc_day,-58402.864532229825
2022-08-06 09:00:00+00:00,-54965.65727580523,1.034,0,btc_day,56834.489623182606
2022-08-06 14:00:00+00:00,54965.65727580523,1.059,0,btc_day,-58208.631055077734
2022-08-06 15:00:00+00:00,-52924.8234089296,1.046,0,btc_day,55359.365285740365
2022-08-08 16:00:00+00:00,52924.8234089296,1.014,0,btc_day,-53665.77093665462
2022-08-10 14:00:00+00:00,-56669.333578863974,1.007,0,btc_day,57066.018913916014
2022-08-11 01:00:00+00:00,56669.333578863974,1.036,0,btc_day,-58709.42958770308
2022-08-11 08:00:00+00:00,-52937.443758037756,1.045,0,btc_day,55319.62872714945
2022-08-11 09:00:00+00:00,52937.443758037756,1.075,0,btc_day,-56907.75203989058
2022-08-11 10:00:00+00:00,-50695.575507178,1.061,0,btc_day,53788.005613115856
2022-08-13 19:00:00+00:00,50695.575507178,1.008,0,btc_day,-51101.14011123542
2022-08-17 01:00:00+00:00,-58617.61114015836,0.96,0,btc_day,56272.906694552024
2022-08-17 13:00:00+00:00,58617.61114015836,0.907,0,btc_day,-53166.17330412364
2022-08-21 08:00:00+00:00,-77843.35788220329,0.764,0,btc_day,59472.32542200331
2022-08-22 07:00:00+00:00,77843.35788220329,0.745,0,btc_day,-57993.30162224145
2022-08-22 23:00:00+00:00,-79824.8288885371,0.763,0,btc_day,60906.34444195381
2022-08-23 00:00:00+00:00,79824.8288885371,0.771,0,btc_day,-61544.9430730621
2022-08-23 04:00:00+00:00,-77498.6346223595,0.775,0,btc_day,60061.441832328615
2022-08-25 07:00:00+00:00,77498.6346223595,0.809,0,btc_day,-62696.39540948884
2022-08-25 08:00:00+00:00,-71461.2982026045,0.803,0,btc_day,57383.42245669142
2022-08-25 17:00:00+00:00,71461.2982026045,0.762,0,btc_day,-54453.50923038463
2022-08-27 08:00:00+00:00,-80776.52236750466,0.747,0,btc_day,60340.06220852598
2022-08-28 23:00:00+00:00,80776.52236750466,0.703,0,btc_day,-56785.89522435577
2022-08-29 14:00:00+00:00,-87582.13828494244,0.729,0,btc_day,63847.378809723035
2022-08-29 22:00:00+00:00,87582.13828494244,0.754,0,btc_day,-66036.9322668466
2022-08-30 10:00:00+00:00,-82250.82994415067,0.749,0,btc_day,61605.87162816885
2022-08-30 15:00:00+00:00,82250.82994415067,0.712,0,btc_day,-58562.59092023527
2022-08-31 03:00:00+00:00,-85791.61348085401,0.754,0,btc_day,64686.87656456392
2022-09-01 00:00:00+00:00,85791.61348085401,0.716,0,btc_day,-61426.795252291464
2022-09-05 00:00:00+00:00,-93920.66592053846,0.723,0,btc_day,67904.6414605493
2022-09-05 03:00:00+00:00,93920.66592053846,0.731,0,btc_day,-68656.00678791362
2022-09-06 01:00:00+00:00,-91787.30302460969,0.73,0,btc_day,67004.73120796507
2022-09-06 18:00:00+00:00,91787.30302460969,0.679,0,btc_day,-62323.57875370998
2022-09-07 21:00:00+00:00,-103219.23968045459,0.694,0,btc_day,71634.15233823548
2022-09-09 02:00:00+00:00,103219.23968045459,0.714,0,btc_day,-73698.53713184457
2022-09-09 11:00:00+00:00,-93429.61622155693,0.743,0,btc_day,69418.20485261681
2022-09-12 16:00:00+00:00,93429.61622155693,0.727,0,btc_day,-67923.33099307188
2022-09-17 03:00:00+00:00,-107015.94527005276,0.664,0,btc_day,71058.58765931503
2022-09-17 15:00:00+00:00,107015.94527005276,0.68,0,btc_day,-72770.84278363589
2022-09-17 16:00:00+00:00,-102796.11414197172,0.674,0,btc_day,69284.58093168894
2022-09-17 20:00:00+00:00,102796.11414197172,0.68,0,btc_day,-69901.35761654077
2022-09-17 21:00:00+00:00,-100601.07747030225,0.681,0,btc_day,68509.33375727583
2022-09-17 22:00:00+00:00,100601.07747030225,0.684,0,btc_day,-68811.13698968674
2022-09-17 23:00:00+00:00,-99930.50195977441,0.682,0,btc_day,68152.60233656615
2022-09-18 00:00:00+00:00,99930.50195977441,0.691,0,btc_day,-69051.97685420411
2022-09-21 18:00:00+00:00,-111625.15944726227,0.602,0,btc_day,67198.34598725189
2022-09-21 22:00:00+00:00,111625.15944726227,0.556,0,btc_day,-62063.58865267783
2022-09-22 08:00:00+00:00,-120871.90392637117,0.598,0,btc_day,72281.39854796996
2022-09-23 11:00:00+00:00,120871.90392637117,0.582,0,btc_day,-70347.44808514802
2022-09-23 23:00:00+00:00,-123391.50993700273,0.601,0,btc_day,74158.29747213864
2022-09-24 03:00:00+00:00,123391.50993700273,0.615,0,btc_day,-75885.77861125668
2022-09-24 04:00:00+00:00,-118835.46584989692,0.61,0,btc_day,72489.63416843711
2022-09-24 05:00:00+00:00,118835.46584989692,0.615,0,btc_day,-73083.8114976866
2022-09-27 01:00:00+00:00,-121762.97452473905,0.588,0,btc_day,71596.62902054656
2022-09-27 02:00:00+00:00,121762.97452473905,0.599,0,btc_day,-72936.02174031868
2022-09-27 08:00:00+00:00,-115850.38915155656,0.607,0,btc_day,70321.18621499483
2022-09-27 10:00:00+00:00,115850.38915155656,0.619,0,btc_day,-71711.39088481352
2022-09-27 11:00:00+00:00,-112172.91288979842,0.615,0,btc_day,68986.34142722603
2022-09-27 17:00:00+00:00,112172.91288979842,0.582,0,btc_day,-65284.635301862676
2022-09-28 19:00:00+00:00,-121885.99369581167,0.594,0,btc_day,72400.28025531213
2022-09-30 00:00:00+00:00,121885.99369581167,0.608,0,btc_day,-74106.68416705349
2022-09-30 08:00:00+00:00,-113940.67560627639,0.62,0,btc_day,70643.21887589135
2022-09-30 09:00:00+00:00,113940.67560627639,0.631,0,btc_day,-71896.5663075604
2022-10-02 08:00:00+00:00,-113290.04275000849,0.613,0,btc_day,69446.7962057552
2022-10-02 18:00:00+00:00,113290.04275000849,0.797,0,btc_day,-90292.16407175678
2022-10-02 21:00:00+00:00,-63282.311285062104,0.768,0,btc_day,48600.815066927695
2022-10-03 08:00:00+00:00,63282.311285062104,0.857,0,btc_day,-54232.94077129822
2022-10-03 11:00:00+00:00,-48543.91115394884,0.884,0,btc_day,42912.81746009077
2022-10-05 04:00:00+00:00,48543.91115394884,0.847,0,btc_day,-41116.69274739466
2022-10-05 14:00:00+00:00,-48560.15936621319,0.919,0,btc_day,44626.786457549926
2022-10-07 02:00:00+00:00,48560.15936621319,0.902,0,btc_day,-43801.2637483243
2022-10-07 05:00:00+00:00,-50239.97560474912,0.904,0,btc_day,45416.9379466932
2022-10-08 03:00:00+00:00,50239.97560474912,0.831,0,btc_day,-41749.41972754651
2022-10-10 01:00:00+00:00,-61620.0874657917,0.798,0,btc_day,49172.82979770178
2022-10-10 10:00:00+00:00,61620.0874657917,0.758,0,btc_day,-46708.02629907011
2022-10-11 17:00:00+00:00,-67910.34403557143,0.759,0,btc_day,51543.95112299871
2022-10-12 12:00:00+00:00,67910.34403557143,0.719,0,btc_day,-48827.53736157585
2022-10-14 02:00:00+00:00,-76486.30783190986,0.709,0,btc_day,54228.79225282409
2022-10-14 16:00:00+00:00,76486.30783190986,0.661,0,btc_day,-50557.44947689242
2022-10-15 06:00:00+00:00,-84599.9036958008,0.683,0,btc_day,57781.73422423194
2022-10-15 15:00:00+00:00,84599.9036958008,0.726,0,btc_day,-61419.530083151374
2022-10-15 22:00:00+00:00,-64708.44241577699,0.835,0,btc_day,54031.54941717378
2022-10-17 08:00:00+00:00,64708.44241577699,0.758,0,btc_day,-49048.99935115896
2022-10-22 09:00:00+00:00,-84824.10302600152,0.697,0,btc_day,59122.39980912306
2022-10-22 11:00:00+00:00,84824.10302600152,0.717,0,btc_day,-60818.88186964309
2022-10-22 12:00:00+00:00,-81266.83281263194,0.705,0,btc_day,57293.117132905514
2022-10-22 15:00:00+00:00,81266.83281263194,0.732,0,btc_day,-59487.32161884658
2022-10-22 16:00:00+00:00,-76038.95092743612,0.723,0,btc_day,54976.16152053631
2022-10-23 06:00:00+00:00,76038.95092743612,0.682,0,btc_day,-51858.56453251144
2022-10-23 21:00:00+00:00,-83276.59537115673,0.698,0,btc_day,58127.063569067395
2022-10-24 01:00:00+00:00,83276.59537115673,0.741,0,btc_day,-61707.95717002713
2022-10-24 04:00:00+00:00,-74552.99036909988,0.731,0,btc_day,54498.23595981201
2022-10-24 07:00:00+00:00,74552.99036909988,0.756,0,btc_day,-56362.06071903951
2022-10-24 08:00:00+00:00,-70120.08944255063,0.75,0,btc_day,52590.067081912974
2022-10-25 18:00:00+00:00,70120.08944255063,0.746,0,btc_day,-52309.58672414277
2022-10-25 19:00:00+00:00,-71293.64045635729,0.741,0,btc_day,52828.58757816075
2022-10-25 20:00:00+00:00,71293.64045635729,0.746,0,btc_day,-53185.05578044253
2022-10-25 22:00:00+00:00,-70375.45492420875,0.745,0,btc_day,52429.71391853552
2022-10-26 01:00:00+00:00,70375.45492420875,0.757,0,btc_day,-53274.219377626025
2022-10-26 07:00:00+00:00,-68088.41068180522,0.758,0,btc_day,51611.015296808364
2022-10-26 08:00:00+00:00,68088.41068180522,0.765,0,btc_day,-52087.634171581
2022-10-26 09:00:00+00:00,-66786.42480571539,0.765,0,btc_day,51091.61497637227
2022-10-26 11:00:00+00:00,66786.42480571539,0.777,0,btc_day,-51893.05207404086
2022-10-27 05:00:00+00:00,-63763.910529959096,0.787,0,btc_day,50182.19758707781
2022-10-27 06:00:00+00:00,63763.910529959096,0.814,0,btc_day,-51903.8231713867
2022-10-27 08:00:00+00:00,-58833.21700421086,0.823,0,btc_day,48419.737594465536
2022-10-28 05:00:00+00:00,58833.21700421086,0.755,0,btc_day,-44419.0788381792
2022-10-28 17:00:00+00:00,-64195.17257865052,0.815,0,btc_day,52319.06565160017
2022-10-29 01:00:00+00:00,64195.17257865052,0.844,0,btc_day,-54180.72565638104
2022-10-29 03:00:00+00:00,-60744.88676639561,0.831,0,btc_day,50479.00090287475
2022-10-29 04:00:00+00:00,60744.88676639561,0.855,0,btc_day,-51936.878185268244
2022-10-29 12:00:00+00:00,-54241.591659851605,0.903,0,btc_day,48980.157268846
2022-10-30 10:00:00+00:00,54241.591659851605,0.824,0,btc_day,-44695.07152771772
2022-10-31 01:00:00+00:00,-61181.34818213293,0.87,0,btc_day,53227.77291845565
2022-10-31 10:00:00+00:00,61181.34818213293,0.947,0,btc_day,-57938.73672847988
2022-10-31 12:00:00+00:00,-52064.81472027136,0.93,0,btc_day,48420.277689852366
