token_id,symbol,date,close,frama,ema,trend,signal
3375,btc,2021-01-03,33008.2265625,33008.2265625,29893.283601872645,1,0
3375,btc,2021-01-04,31515.576171875,31515.576171875,30034.352521003286,1,0
3375,btc,2021-01-05,34082.20703125,34082.20703125,30386.339869720396,1,0
3375,btc,2021-01-06,36933.51953125,36933.51953125,30955.65984028819,1,0
3375,btc,2021-01-07,39547.0859375,39547.0859375,31702.740370480526,1,0
3375,btc,2021-01-08,40815.9609375,40815.9609375,32495.194332830044,1,0
3375,btc,2021-01-09,40296.52734375,40296.52734375,33173.5711163883,1,0
3375,btc,2021-01-10,38397.89453125,38397.89453125,33627.860108984976,1,0
3375,btc,2021-01-11,35669.90625,35669.90625,33805.42933863846,1,0
3375,btc,2021-01-12,33938.3359375,33938.3359375,33816.98643419164,1,0
3375,btc,2021-01-13,37456.0078125,37456.0078125,34133.42307578367,1,0
3375,btc,2021-01-14,39232.75,39232.75,34576.842808324225,1,0
3375,btc,2021-01-15,36787.51953125,36787.51953125,34769.075566839514,1,0
3375,btc,2021-01-16,36254.71484375,36254.71484375,34898.261590918686,1,0
3375,btc,2021-01-17,35804.265625,35804.265625,34977.04455040402,1,0
3375,btc,2021-01-18,36595.46484375,36595.46484375,35117.77674982541,1,0
3375,btc,2021-01-19,36104.86328125,36104.86328125,35203.61036125364,1,0
3375,btc,2021-01-20,35587.48828125,35587.48828125,35236.99104994898,1,0
3375,btc,2021-01-21,30913.6953125,35120.108984375,34861.05229017081,1,0
3375,btc,2021-01-22,32957.91015625,34903.8891015625,34695.561669829876,1,0
3375,btc,2021-01-23,32068.087890625,34620.30898046875,34467.08568902945,1,0
3375,btc,2021-01-24,32273.517578125,34385.629840234375,34276.34063590733,1,0
3375,btc,2021-01-25,32375.3203125,34184.59888746094,34111.034520828434,1,0
3375,btc,2021-01-26,32582.109375,34024.34993621484,33978.0845081477,1,0
3375,btc,2021-01-27,30445.525390625,33666.46748165586,33670.905454450076,-1,-1
3375,btc,2021-01-28,33128.34765625,33612.65549911527,33623.726515476155,-1,0
3375,btc,2021-01-29,34150.8203125,33666.471980453745,33669.56075869562,-1,0
3375,btc,2021-01-30,34199.51953125,33719.77673553337,33715.64413022209,1,1
3375,btc,2021-01-31,33064.78515625,33654.27757760503,33659.04769770278,-1,-1
3375,btc,2021-02-01,33405.9921875,33629.44903859453,33637.04287072863,-1,0
3375,btc,2021-02-02,35485.984375,33815.102572235075,33797.82039283918,1,1
3375,btc,2021-02-03,37494.71875,34183.064190011566,34119.289815200995,1,0
3375,btc,2021-02-04,36816.5078125,34446.40855226041,34353.8305106183,1,0
3375,btc,2021-02-05,38007.83203125001,34802.55090015937,34671.56977328193,1,0
3375,btc,2021-02-06,39279.4140625,35250.237216393434,35072.25188538785,1,0
3375,btc,2021-02-07,38833.33984375,35608.54747912909,35399.30301220195,1,0
3375,btc,2021-02-08,46307.57421875,36678.45015309118,36347.848334510476,1,0
3375,btc,2021-02-09,46569.56640625,37667.561778407064,37236.693384226965,1,0
3375,btc,2021-02-10,44848.6953125,38385.67513181636,37898.60659538114,1,0
3375,btc,2021-02-11,47815.9609375,39328.703712384726,38760.98523382626,1,0
3375,btc,2021-02-12,47414.1875,40137.25209114625,39513.43760479789,1,0
3375,btc,2021-02-13,46941.29296875,40817.656178906625,40159.33807122851,1,0
3375,btc,2021-02-14,48607.875,41596.67806101596,40893.99345633907,1,0
3375,btc,2021-02-15,47898.48828125,42226.85908303937,41503.079962853066,1,0
3375,btc,2021-02-16,49238.13671875,42927.98684661044,42175.69359380063,1,0
3375,btc,2021-02-17,52143.6796875,43849.55613069939,43042.47499325275,1,0
3375,btc,2021-02-18,51733.07421875,44637.907939504454,43798.17927373078,1,0
3375,btc,2021-02-19,56038.7265625,45777.98980180401,44862.57469014549,1,0
3375,btc,2021-02-20,56377.6328125,46837.95410287361,45863.88409208936,1,0
3375,btc,2021-02-21,57669.3046875,47921.08916133625,46890.44240473377,1,0
3375,btc,2021-02-22,54410.85546875,48570.06579207763,47544.391366822136,1,0
3375,btc,2021-02-23,48691.89453125,48582.24866599487,47644.174250685435,1,0
3375,btc,2021-02-24,49849.37890625,48708.961690020384,47835.93117725627,1,0
3375,btc,2021-02-25,46992.6640625,48537.331927268344,47762.60360206007,1,0
3375,btc,2021-02-26,46551.48828124999,48338.74756266651,47657.28922633746,1,0
3375,btc,2021-02-27,46653.52734375,48170.22554077487,47570.005584373335,1,0
3375,btc,2021-02-28,44970.1640625,47850.21939294738,47343.93240855826,1,0
3375,btc,2021-03-01,49787.33984375,48043.93143802764,47556.40262031407,1,0
3375,btc,2021-03-02,48532.23828125,48092.76212234988,47641.25789517807,1,0
3375,btc,2021-03-03,50577.45703125,48341.23161323989,47896.57955918432,1,0
3375,btc,2021-03-04,48727.453125,48379.85376441591,47968.82943447264,1,0
3375,btc,2021-03-05,49091.81640625,48451.05002859932,48066.48047549676,1,0
3375,btc,2021-03-06,49019.3671875,48507.881744489394,48149.34018958401,1,0
3375,btc,2021-03-07,51313.09375,48788.40294504046,48424.44919483757,1,0
3375,btc,2021-03-08,52328.53515625,49142.41616616142,48763.934930612566,1,0
3375,btc,2021-03-09,54700.2734375,49698.20189329528,49280.138279037565,1,0
3375,btc,2021-03-10,56020.48828125,50330.43053209075,49866.2556705343,1,0
3375,btc,2021-03-11,57788.8671875,51076.274197631676,50555.17841114002,1,0
3375,btc,2021-03-12,57353.86328125,51704.03310599351,51146.36839984523,1,0
3375,btc,2021-03-13,61315.19921875,52665.14971726916,52030.61455801087,1,0
3375,btc,2021-03-14,59428.96874999999,53341.53162054224,52673.94970514037,1,0
3375,btc,2021-03-15,55805.32812500001,53587.91127098802,52946.243480780344,1,0
3375,btc,2021-03-16,56830.25390624999,53912.14553451422,53283.983517777706,1,0
3375,btc,2021-03-17,59014.92578125,54422.423559187795,53782.326323297035,1,0
3375,btc,2021-03-18,57922.41015625,54772.42221889402,54142.33361311904,1,0
3375,btc,2021-03-19,58243.26953125,55119.506950129624,54498.93673643478,1,0
3375,btc,2021-03-20,58376.16015625,55445.17227074166,54836.08659902741,1,0
3375,btc,2021-03-21,57573.5390625,55658.008949917494,55074.12594367721,1,0
3375,btc,2021-03-22,54370.13671875,55529.221726800744,55012.90948933572,1,0
3375,btc,2021-03-23,54584.87109375,55434.78666349567,54975.688759284785,1,0
3375,btc,2021-03-24,52526.8671875,55143.99471589611,54762.74775304263,1,0
3375,btc,2021-03-26,55033.10156250001,55132.9054005565,54786.256779951975,1,0
3375,btc,2021-03-27,55832.41796875,55202.85665737585,54877.22731810833,1,0
3375,btc,2021-03-28,55728.10156250001,55255.38114788827,54951.21638283804,1,0
3375,btc,2021-03-29,57634.9296875,55493.33600184944,55184.58275715647,1,0
3375,btc,2021-03-30,58668.62890625,55810.8652922895,55487.54329186026,1,0
3375,btc,2021-03-31,58817.375,56111.516263060556,55777.09387517676,1,0
3375,btc,2021-04-01,58801.1953125,56380.4841680045,56040.0592175527,1,0
3375,btc,2021-04-02,59060.02734375,56648.438485579056,56302.66514156986,1,0
3375,btc,2021-04-03,57060.40625,56689.635262021155,56368.5556727377,1,0
3375,btc,2021-04-04,58228.80078125,56843.55181394405,56530.316116956164,1,0
3375,btc,2021-04-05,58706.81640625,57029.87827317464,56719.57701167737,1,0
3375,btc,2021-04-06,58062.1796875,57133.10841460718,56836.32507044456,1,0
3375,btc,2021-04-07,56134.41796875,57033.23937002146,56775.28967029721,1,0
3375,btc,2021-04-08,58065.64453125,57136.47988614431,56887.494440814844,1,0
3375,btc,2021-04-09,58152.9921875,57238.13111627988,56997.53772313529,1,0
3375,btc,2021-04-10,59979.39453125,57512.2574577769,57256.829619493095,1,0
3375,btc,2021-04-11,59988.01953125,57759.83366512421,57494.32439442848,1,0
3375,btc,2021-04-12,59911.01953125,57974.952251736795,57704.47179763035,1,0
3375,btc,2021-04-13,63576.67578125,58535.12460468812,58215.09823098858,1,0
3375,btc,2021-04-14,62807.125,58962.32464421931,58614.404906554795,1,0
3375,btc,2021-04-15,63179.77343750001,59384.06952354738,59011.393474463075,1,0
3375,btc,2021-04-16,61497.30078125,59595.39264931765,59227.55932722716,1,0
3375,btc,2021-04-17,60273.8671875,59663.24010313588,59318.5426194248,1,0
3375,btc,2021-04-18,56288.94531249999,59325.81062407229,59055.09937534438,1,0
3375,btc,2021-04-19,55721.16796875,58965.34635854007,58765.1922965101,1,0
3375,btc,2021-04-20,56294.73046875,58698.28476956106,58550.369528878786,1,0
3375,btc,2021-04-21,54190.07031249999,58247.46332385496,58171.21307528063,1,0
3375,btc,2021-04-22,51965.56640625,57619.27363209446,57631.59162579971,-1,-1
3375,btc,2021-04-23,51191.125,56976.458768885015,57071.55104964321,-1,0
3375,btc,2021-04-24,50133.10546875,56292.12343887152,56468.2079556525,-1,0
3375,btc,2021-04-25,48981.44140625,55561.05523560937,55817.18477744359,-1,0
3375,btc,2021-04-26,53978.8046875,55402.83018079843,55657.32563918763,-1,0
3375,btc,2021-04-27,54991.81640625,55361.72880334359,55599.4552711061,-1,0
3375,btc,2021-04-28,54810.61328125,55306.61725113423,55530.86031546644,-1,0
3375,btc,2021-04-29,53596.703125,55135.625838520806,55362.672733686755,-1,0
3375,btc,2021-04-30,57828.51171874999,55404.91442654373,55577.0935149966,-1,0
3375,btc,2021-05-01,57812.96875,55645.71985888936,55771.51744847516,-1,0
3375,btc,2021-05-02,56600.74609375001,55741.22248237542,55843.62428719472,-1,0
3375,btc,2021-05-03,57200.30078125,55887.13031226289,55961.59615624301,-1,0
3375,btc,2021-05-04,53464.37109375,55644.8543904116,55744.446150808835,-1,0
3375,btc,2021-05-05,57432.1015625,55823.57910762045,55891.198795303724,-1,0
3375,btc,2021-05-06,56507.7578125,55891.9969781084,55944.81262288601,-1,0
3375,btc,2021-05-07,57361.5703125,56038.95431154757,56068.008943722016,-1,0
3375,btc,2021-05-08,58771.8828125,56312.24716164281,56303.12841057228,1,1
3375,btc,2021-05-09,58213.92578125,56502.41502360353,56469.2847036747,1,0
3375,btc,2021-05-10,55901.66796875,56442.34031811818,56419.92672672473,1,0
3375,btc,2021-05-11,56928.97265625,56491.00355193137,56464.19159016171,1,0
3375,btc,2021-05-12,50004.76171875,55842.379368613234,55902.50203612591,-1,-1
3375,btc,2021-05-13,49972.796875,55255.42111925191,55386.875500375834,-1,0
3375,btc,2021-05-14,49913.26171875,54721.205179201716,54910.90908458229,-1,0
3375,btc,2021-05-15,46780.90234375,53927.17489565654,54203.95197668383,-1,0
3375,btc,2021-05-16,46585.06249999999,53192.96365609089,53541.43984827654,-1,0
3375,btc,2021-05-17,43780.82421875,52251.7497123568,52692.69066310032,-1,0
3375,btc,2021-05-18,43091.04296875,51335.679037996124,51857.76477663508,-1,0
3375,btc,2021-05-19,37287.390625,49930.85019669651,50590.77571997116,-1,0
3375,btc,2021-05-20,40437.73046875,48981.538223901865,49707.90221986498,-1,0
3375,btc,2021-05-21,37339.6328125,47817.347682761676,48632.40053226803,-1,0
3375,btc,2021-05-22,37520.31640625,46787.644555110506,47666.1323473969,-1,0
3375,btc,2021-05-23,34977.52734375,45606.63283397445,46562.77539055804,-1,0
3375,btc,2021-05-24,38642.44140625,44910.21369120201,45874.05069627038,-1,0
3375,btc,2021-05-25,38210.8046875,44240.272790831805,45207.68147811644,-1,0
3375,btc,2021-05-26,39406.93359374999,43756.938871123624,44703.26861860632,-1,0
3375,btc,2021-05-27,38642.89453125001,43245.53443713626,44176.27956753186,-1,0
3375,btc,2021-05-28,35710.22265625,42492.00325904763,43440.10070568127,-1,0
3375,btc,2021-05-29,36252.0,41868.00293314287,42815.04847040464,-1,0
3375,btc,2021-05-30,35714.75390625,41252.67803045358,42197.6315517825,-1,0
3375,btc,2021-05-31,37340.6796875,40861.47819615823,41775.28791141011,-1,0
3375,btc,2021-06-01,36680.06640625,40443.3370171674,41332.22517183097,-1,0
3375,btc,2021-06-02,37685.71875,40167.57519045067,41015.13765688915,-1,0
3375,btc,2021-06-03,39151.31640625,40065.9493120306,40853.06624379009,-1,0
3375,btc,2021-06-04,36938.71875,39753.22625582754,40512.68820085182,-1,0
3375,btc,2021-06-05,35546.984375,39332.60206774479,40080.887868169055,-1,0
3375,btc,2021-06-06,35834.47265625,38982.78912659531,39711.634371480446,-1,0
3375,btc,2021-06-07,33451.3828125,38429.64849518578,39167.26467069954,-1,0
3375,btc,2021-06-08,33557.15234375,37942.3988800422,38679.42881618219,-1,0
3375,btc,2021-06-09,37553.64453125,37903.52344516299,38581.534530535915,-1,0
3375,btc,2021-06-10,36903.3046875,37803.501569396685,38435.6015007067,-1,0
3375,btc,2021-06-11,37289.43359375,37752.09477183202,38335.93472618873,-1,0
3375,btc,2021-06-12,35666.1484375,37543.50013839882,38103.77939673754,-1,0
3375,btc,2021-06-13,39147.70703125,37703.92082768394,38194.5557127821,-1,0
3375,btc,2021-06-14,40624.51171875,37995.97991679055,38405.85623504018,-1,0
3375,btc,2021-06-15,40378.203125,38234.2022376115,38577.364660254076,-1,0
3375,btc,2021-06-16,38321.453125,38242.92732635035,38555.11148327546,-1,0
3375,btc,2021-06-17,38193.62109375,38237.99670309031,38523.67753636021,-1,0
3375,btc,2021-06-18,35881.11328125,38002.30836090628,38293.88934026367,-1,0
3375,btc,2021-06-19,35581.640625,37760.24158731566,38058.04162589291,-1,0
3375,btc,2021-06-20,35787.078125,37562.92524108409,37860.566538858744,-1,0
3375,btc,2021-06-21,31711.935546875,36977.82627166319,37325.902974338416,-1,0
3375,btc,2021-06-22,32507.738281250004,36530.81747262187,36906.932131461166,-1,0
3375,btc,2021-06-23,33702.6171875,36247.997444109686,36628.29604937758,-1,0
3375,btc,2021-06-24,34675.44921875,36090.74262157372,36458.48328149692,-1,0
3375,btc,2021-06-25,31943.136718749996,35675.98203129135,36065.844449953715,-1,0
3375,btc,2021-06-26,32023.974609374996,35310.781289099716,35714.3775072947,-1,0
3375,btc,2021-06-27,34607.29296875,35240.432457064744,35618.10928655169,-1,0
3375,btc,2021-06-28,34556.84375,35172.07358635827,35525.82532685155,-1,0
3375,btc,2021-06-29,35968.9921875,35251.76544647244,35564.36157560359,-1,0
3375,btc,2021-06-30,35171.484375,35243.7373393252,35530.1983407685,-1,0
3375,btc,2021-07-01,33469.51,35066.314605392676,35351.00805026689,-1,0
3375,btc,2021-07-02,33439.11,34903.594144853414,35184.75604589586,-1,0
3375,btc,2021-07-03,34872.4,34900.47473036807,35157.59465060057,-1,0
3375,btc,2021-07-04,35669.68,34977.39525733126,35202.123811417914,-1,0
3375,btc,2021-07-05,34192.35,34898.890731598134,35114.31739303375,-1,0
3375,btc,2021-07-06,33966.64,34805.66565843832,35014.51935885691,-1,0
3375,btc,2021-07-07,34551.8,34780.279092594494,34974.282892869356,-1,0
3375,btc,2021-07-08,32995.48,34601.799183335046,34802.21307609811,-1,0
3375,btc,2021-07-09,33554.71,34497.09026500154,34693.734547741755,-1,0
3375,btc,2021-07-10,33497.09,34397.09023850139,34589.67850011204,-1,0
3375,btc,2021-07-11,34134.04,34370.78521465125,34550.05776097186,-1,0
3375,btc,2021-07-12,33007.7,34234.47669318612,34415.9396948004,-1,0
3375,btc,2021-07-13,32560.03,34067.03202386751,34254.55624307863,-1,0
3375,btc,2021-07-14,32941.69,33954.49782148076,34140.39396107179,-1,0
3375,btc,2021-07-15,31901.26,33749.17403933269,33945.68666010903,-1,0
3375,btc,2021-07-16,31800.52,33554.30863539942,33759.150428795205,-1,0
3375,btc,2021-07-17,31819.94,33380.87177185948,33590.52343498693,-1,0
3375,btc,2021-07-18,31749.8,33217.764594673536,33430.46052759676,-1,0
3375,btc,2021-07-19,30935.91,32989.57913520618,33213.54309041444,-1,0
3375,btc,2021-07-20,29800.13,32670.63422168556,32916.724560813185,-1,0
3375,btc,2021-07-21,31747.32,32578.302799517005,32815.037207698995,-1,0
3375,btc,2021-07-22,32314.65,32551.937519565305,32771.52527659474,-1,0
3375,btc,2021-07-23,32624.58,32559.201767608778,32758.747426456066,-1,0
3375,btc,2021-07-24,33988.15,32702.096590847905,32865.651998068584,-1,0
3375,btc,2021-07-25,34523.33,32884.21993176312,33009.79791128001,-1,0
3375,btc,2021-07-26,37736.99,33369.4969385868,33420.85809290784,-1,0
3375,btc,2021-07-27,38304.02,33862.94924472812,33845.48086743759,1,1
3375,btc,2021-07-28,39905.98,34467.25232025531,34372.48079200824,1,0
3375,btc,2021-07-29,39692.22,34989.74908822978,34835.06681009448,1,0
3375,btc,2021-07-30,41247.92999999999,35615.567179406804,35392.707087477575,1,0
3375,btc,2021-07-31,41735.45,36227.55546146612,35944.249949436045,1,0
3375,btc,2021-08-01,41100.39,36714.83891531951,36392.609953832914,1,0
3375,btc,2021-08-02,39016.86,36945.04102378756,36620.80561002136,1,0
3375,btc,2021-08-03,38371.54,37087.69092140881,36773.04338306298,1,0
3375,btc,2021-08-04,39841.82,37363.10382926793,37039.8935236662,1,0
3375,btc,2021-08-05,40835.54,37710.34744634114,37369.949738999574,1,0
3375,btc,2021-08-06,42545.840000000004,38193.89670170703,37820.02715299961,1,0
3375,btc,2021-08-07,43840.62,38758.569031536324,38343.556965782256,1,0
3375,btc,2021-08-08,44591.45,39341.85712838269,38886.85201223598,1,0
3375,btc,2021-08-09,45641.01,39971.77241554442,39474.1700981285,1,0
3375,btc,2021-08-10,45801.85,40554.78017398998,40024.40313307386,1,0
3375,btc,2021-08-11,45245.31,41023.83315659098,40478.3950345457,1,0
3375,btc,2021-08-12,45709.63,41492.41284093188,40933.28503154173,1,0
3375,btc,2021-08-13,46345.29,41977.700556838696,41403.89415923376,1,0
3375,btc,2021-08-14,46402.0,42420.130501154825,41838.512058430824,1,0
3375,btc,2021-08-15,47192.76999999999,42897.39445103935,42304.0997055238,1,0
3375,btc,2021-08-16,47301.95,43337.85000593541,42738.69538330434,1,0
3375,btc,2021-08-17,45726.84,43576.74900534187,42998.5340456257,1,0
3375,btc,2021-08-18,45017.28,43720.80210480769,43174.077172093035,1,0
3375,btc,2021-08-19,44986.26,43847.34789432693,43331.65828756321,1,0
3375,btc,2021-08-20,49035.38,44366.15110489424,43827.63408864467,1,0
3375,btc,2021-08-21,49353.03,44864.83899440482,44308.10329832774,1,0
3375,btc,2021-08-22,48847.38,45263.09309496434,44702.82301151663,1,0
3375,btc,2021-08-23,49537.38,45690.5217854679,45123.21927138475,1,0
3375,btc,2021-08-24,48423.82,45963.85160692111,45410.22803039477,1,0
3375,btc,2021-08-25,48851.15,46252.581446229,45709.4386364474,1,0
3375,btc,2021-08-26,47454.67,46372.790301606095,45861.19788545197,1,0
3375,btc,2021-08-27,48894.59,46624.97027144549,46124.97111280397,1,0
3375,btc,2021-08-28,48924.34,46854.90724430094,46368.39449429928,1,0
3375,btc,2021-08-29,49289.13,47098.32951987085,46622.371494795,1,0
3375,btc,2021-08-30,47893.97,47177.893567883766,46732.945277856306,1,0
3375,btc,2021-08-31,46963.18,47156.42221109539,46752.9656884775,1,0
3375,btc,2021-09-01,48626.18,47303.39798998585,46915.85388947946,1,0
3375,btc,2021-09-02,49725.43000000001,47545.601190987276,47160.164855611685,1,0
3375,btc,2021-09-03,49831.05,47774.14607188855,47392.41573773241,1,0
3375,btc,2021-09-04,50191.85,48015.916464699694,47635.84480401655,1,0
3375,btc,2021-09-05,51617.86000000001,48376.110818229725,47982.10699497164,1,0
3375,btc,2021-09-06,52371.2,48775.619736406756,48363.76725627846,1,0
3375,btc,2021-09-07,47091.04,48607.16176276608,48253.0953209499,1,0
3375,btc,2021-09-08,46877.56,48434.20158648948,48133.48355391078,1,0
3375,btc,2021-09-09,46534.21,48244.20242784054,47994.41628835332,1,0
3375,btc,2021-09-10,44727.96,47892.57818505649,47710.3766111052,1,0
3375,btc,2021-09-11,45321.71,47635.49136655084,47502.6664710091,1,0
3375,btc,2021-09-12,45481.49,47420.091229895756,47326.911995269176,1,0
3375,btc,2021-09-13,45121.49,47190.231106906176,47135.1361695936,1,0
3375,btc,2021-09-14,47126.99,47183.90699621556,47134.42780702024,1,0
3375,btc,2021-09-15,48263.93,47291.90929659401,47232.645389018486,1,0
3375,btc,2021-09-16,47717.65,47334.483366934604,47274.81970301688,1,0
3375,btc,2021-09-17,47478.61,47348.89603024114,47292.54059840672,1,0
3375,btc,2021-09-18,48073.94,47421.40042721703,47360.48837245831,1,0
3375,btc,2021-09-19,47236.50000000001,47402.91038449533,47349.70677485324,1,0
3375,btc,2021-09-20,43880.85,47050.70434604579,47048.06705530079,1,0
3375,btc,2021-09-21,41509.67,46496.600911441215,46566.46731136159,-1,-1
3375,btc,2021-09-22,43292.04,46176.14482029709,46281.73450167798,-1,0
3375,btc,2021-09-23,44745.09,46033.03933826739,46148.113240662504,-1,0
3375,btc,2021-09-24,43090.25,45738.76040444065,45882.21208930055,-1,0
3375,btc,2021-09-25,42824.89,45447.37336399659,45616.357994578764,-1,0
3375,btc,2021-09-26,43784.34,45281.07002759693,45457.052082006696,-1,0
3375,btc,2021-09-27,43396.85,45092.64802483723,45277.90407487568,-1,0
3375,btc,2021-09-28,41805.19,44763.90222235351,44975.92893792997,-1,0
3375,btc,2021-09-29,41263.42,44413.85400011815,44653.10207376215,-1,0
3375,btc,2021-09-30,43899.310000000005,44362.399600106335,44587.55493691327,-1,0
3375,btc,2021-10-01,48422.90000000001,44768.44964009571,44921.06320326865,-1,0
3375,btc,2021-10-02,48309.32,45122.536676086136,45215.69422907138,-1,0
3375,btc,2021-10-03,48215.34,45431.81700847753,45476.532991760825,-1,0
3375,btc,2021-10-04,48957.93,45784.42830762977,45779.263166390316,1,1
3375,btc,2021-10-05,51419.49,46347.934476866794,46269.71767366073,1,0
3375,btc,2021-10-06,55071.88,47220.32902918012,47035.1230933424,1,0
3375,btc,2021-10-07,54006.39,47898.935126262106,47641.32021566045,1,0
3375,btc,2021-10-08,54145.47,48523.5886136359,48206.898457776944,1,0
3375,btc,2021-10-09,54996.49,49170.87875227231,48797.29772231808,1,0
3375,btc,2021-10-10,54938.35,49747.62587704507,49331.302268203464,1,0
3375,btc,2021-10-11,57393.22,50512.18528934057,50032.338592707514,1,0
3375,btc,2021-10-12,56409.15,51101.88176040651,50586.84393247208,1,0
3375,btc,2021-10-13,57602.31,51751.924584365865,51196.88446008321,1,0
3375,btc,2021-10-14,57756.06,52352.33812592928,51767.24755051076,1,0
3375,btc,2021-10-15,61499.8,53267.08431333636,52613.556459162,1,0
3375,btc,2021-10-16,60852.42,54025.61788200272,53329.979375756615,1,0
3375,btc,2021-10-17,61137.59,54736.81509380245,54008.902038734304,1,0
3375,btc,2021-10-18,61670.79,55430.2125844222,54675.15316580089,1,0
3375,btc,2021-10-19,64132.6,56300.451325979986,55497.539847035594,1,0
3375,btc,2021-10-20,66212.41,57291.64719338199,56429.26768642381,1,0
3375,btc,2021-10-21,63074.09999999999,57869.892474043794,57007.07919195217,1,0
3375,btc,2021-10-22,60694.29,58152.33222663941,57327.706218738946,1,0
3375,btc,2021-10-23,61707.17,58507.81600397547,57708.52915623991,1,0
3375,btc,2021-10-24,60985.70999999999,58755.60540357792,57993.5014035234,1,0
3375,btc,2021-10-25,63105.01000000001,59190.54586322013,58437.98041191267,1,0
3375,btc,2021-10-26,60889.09,59360.40027689812,58651.12037609418,1,0
3375,btc,2021-10-27,58777.45,59302.10524920831,58662.105560781645,1,0
3375,btc,2021-10-28,60912.05,59463.09972428748,58857.75290332237,1,0
3375,btc,2021-10-29,62532.35999999999,59770.02575185873,59177.28395520738,1,0
3375,btc,2021-10-30,61578.5,59950.87317667286,59386.085350406735,1,0
3375,btc,2021-10-31,61598.53,60115.63885900558,59578.47184167572,1,0
3375,btc,2021-11-01,60971.33000000001,60201.207973105025,59699.58994239957,1,0
3375,btc,2021-11-02,63021.52,60483.23917579452,59988.45342566918,1,0
3375,btc,2021-11-03,62980.32,60732.94725821507,60248.615736480555,1,0
3375,btc,2021-11-04,61317.74,60791.42653239356,60341.58306374312,1,0
3375,btc,2021-11-05,61448.02,60857.08587915421,60437.794971243726,1,0
3375,btc,2021-11-06,61618.82,60933.25929123879,60540.492799831234,1,0
3375,btc,2021-11-07,63002.29,61140.16236211491,60754.56212158504,1,0
3375,btc,2021-11-08,66335.6,61659.70612590342,61239.86976318635,1,0
3375,btc,2021-11-09,67565.05,62250.24051331308,61789.885435952754,1,0
3375,btc,2021-11-10,64778.83,62503.09946198178,62049.79365891339,1,0
3375,btc,2021-11-11,65400.4,62792.829515783604,62341.15073205136,1,0
3375,btc,2021-11-12,64364.94,62950.04056420524,62517.13240752516,1,0
3375,btc,2021-11-13,64446.69,63099.70550778472,62684.92002426211,1,0
3375,btc,2021-11-14,64756.3,63265.364957006255,62865.04002215237,1,0
3375,btc,2021-11-15,63753.94,63314.22246130563,62942.33567239999,1,0
3375,btc,2021-11-16,61132.97,63096.09721517507,62784.99952697391,1,0
3375,btc,2021-11-17,60198.88,62806.375493657564,62560.11956810662,1,0
3375,btc,2021-11-18,57395.25000000001,62265.26294429181,62111.00047522778,1,0
3375,btc,2021-11-19,58249.01,61863.63764986263,61775.17521651233,1,0
3375,btc,2021-11-20,59869.25,61664.198884876365,61609.44258898952,1,0
3375,btc,2021-11-21,59646.78,61462.456996388726,61438.77627690348,1,0
3375,btc,2021-11-22,56296.28,60945.83929674985,60991.602687607534,-1,-1
3375,btc,2021-11-23,57664.56,60617.711367074866,60702.29462781557,-1,0
3375,btc,2021-11-24,57229.72,60278.91223036738,60400.33161670118,-1,0
3375,btc,2021-11-25,58739.87,60125.008007330645,60255.94365003151,-1,0
3375,btc,2021-11-26,54321.39,59544.64620659759,59739.895506550514,-1,0
3375,btc,2021-11-27,54697.7,59059.95158593783,59301.44372337221,-1,0
3375,btc,2021-11-28,56606.26,58814.58242734405,59067.07992133985,-1,0
3375,btc,2021-11-29,58245.55,58757.679184609646,58995.642536875515,-1,0
3375,btc,2021-11-30,57468.5,58628.76126614868,58862.84753366895,-1,0
3375,btc,2021-12-01,56774.35,58443.32013953381,58681.23905248035,-1,0
3375,btc,2021-12-02,56757.67,58274.75512558043,58513.97217835163,-1,0
3375,btc,2021-12-03,53558.87,57803.16661302239,58083.09372806019,-1,0
3375,btc,2021-12-04,48810.84,56903.93395172015,57276.810795185396,-1,0
3375,btc,2021-12-05,49148.67999999999,56128.40855654814,56570.01681299537,-1,0
3375,btc,2021-12-06,50978.82,55613.449700893325,56083.82578577838,-1,0
3375,btc,2021-12-07,50354.94,55087.59873080399,55585.66180440635,-1,0
3375,btc,2021-12-08,49507.67,54529.605857723596,55057.14077793624,-1,0
3375,btc,2021-12-09,48293.27,53905.972271951236,54468.978101593966,-1,0
3375,btc,2021-12-10,47977.37,53313.11204475611,53904.490440585796,-1,0
3375,btc,2021-12-11,48851.07,52866.9078402805,53465.06257618703,-1,0
3375,btc,2021-12-12,50054.28,52585.645056252455,53168.47278695338,-1,0
3375,btc,2021-12-13,47182.89,52045.369550627205,52647.98732721831,-1,0
3375,btc,2021-12-14,48460.41999999999,51686.874595564484,52283.85103789499,-1,0
3375,btc,2021-12-15,49125.93,51430.78013600804,52009.24920851282,-1,0
3375,btc,2021-12-16,47730.9,51060.792122407234,51637.21884255519,-1,0
3375,btc,2021-12-17,45830.23,50537.73591016651,51132.263291028656,-1,0
3375,btc,2021-12-18,47087.85999999999,50192.74831914986,50780.57604833051,-1,0
3375,btc,2021-12-19,47177.56,49891.22948723488,50467.27030499743,-1,0
3375,btc,2021-12-20,47134.32,49615.53853851139,50177.44853934548,-1,0
3375,btc,2021-12-21,49150.33,49569.017684660255,50088.133883750226,-1,0
3375,btc,2021-12-22,49041.08999999999,49516.22491619423,49997.08658951108,-1,0
3375,btc,2021-12-23,50874.85,49652.08742457481,50073.413842597074,-1,0
3375,btc,2021-12-24,51013.25,49788.20368211734,50155.13872584951,-1,0
3375,btc,2021-12-25,50798.18,49889.20131390561,50211.05535838434,-1,0
3375,btc,2021-12-26,50945.35,49994.816182515046,50274.90706635093,-1,0
3375,btc,2021-12-27,51215.41,50116.87556426354,50356.6899301465,-1,0
3375,btc,2021-12-28,47601.52,49865.340007837185,50117.109936220724,-1,0
3375,btc,2021-12-29,47472.08,49626.01400705347,49887.1073330711,-1,0
3375,btc,2021-12-30,47264.48,49389.86060634813,49659.05278236927,-1,0
3375,btc,2021-12-31,46515.630000000005,49102.43754571332,49385.7116708589,-1,0
3375,btc,2022-01-01,47365.86,48928.77979114199,49210.07239513204,-1,0
3375,btc,2022-01-02,47229.75,48758.87681202779,49037.870447729256,-1,0
3375,btc,2022-01-03,46289.39,48511.92813082501,48798.87214792672,-1,0
3375,btc,2022-01-04,46086.6,48269.395317742514,48563.0223959331,-1,0
3375,btc,2022-01-05,43027.770000000004,47745.23278596826,48081.696100634574,-1,0
3375,btc,2022-01-06,43194.17999999999,47290.127507371435,47656.69470057939,-1,0
3375,btc,2022-01-07,41827.58,46743.87275663429,47149.815161398576,-1,0
3375,btc,2022-01-08,42702.09,46339.694480970866,46763.056451711745,-1,0
3375,btc,2022-01-09,42554.8,45961.20503287378,46397.12110808464,-1,0
3375,btc,2022-01-10,41680.18,45533.10252958641,45986.95231607729,-1,0
3375,btc,2022-01-11,42701.32,45249.92427662777,45701.24515815753,-1,0
3375,btc,2022-01-12,43968.18,45121.74984896499,45550.543840056875,-1,0
3375,btc,2022-01-13,42870.04,44896.57886406849,45317.45654961715,-1,0
3375,btc,2022-01-14,43325.18,44739.438977661644,45144.21511052,-1,0
3375,btc,2022-01-15,43345.83,44600.07807989548,44987.83379656175,-1,0
3375,btc,2022-01-16,43255.869999999995,44465.65727190593,44837.22824903464,-1,0
3375,btc,2022-01-17,41765.69,44195.66054471534,44570.137966509894,-1,0
3375,btc,2022-01-18,42399.77,44016.071490243805,44381.41031724817,-1,0
3375,btc,2022-01-19,41963.11,43810.77534121943,44171.123333139636,-1,0
3375,btc,2022-01-20,41528.94,43582.59180709749,43941.36826069272,-1,0
3375,btc,2022-01-21,36906.63,42914.99562638774,43329.6518901977,-1,0
3375,btc,2022-01-22,35243.4,42147.83606374897,42626.499551919645,-1,0
3375,btc,2022-01-23,35493.07,41482.35945737407,42006.201330013595,-1,0
3375,btc,2022-01-24,36668.68,41000.99151163667,41542.0690404472,-1,0
3375,btc,2022-01-25,36567.74,40557.666360473,41109.51868910396,-1,0
3375,btc,2022-01-26,37785.44,40280.4437244257,40820.468368312315,-1,0
3375,btc,2022-01-27,35775.2,39829.919351983124,40381.74937976342,-1,0
3375,btc,2022-01-28,37940.57000000001,39640.98441678481,40169.47291195791,-1,0
3375,btc,2022-01-29,38253.34,39502.21997510634,40002.85265874418,-1,0
3375,btc,2022-01-30,37783.65,39330.3629775957,39809.87851450556,-1,0
3375,btc,2022-01-31,38449.64,39242.29067983613,39691.596904548554,-1,0
3375,btc,2022-02-01,38828.48,39200.90961185251,39616.54326067476,-1,0
3375,btc,2022-02-02,37021.58,38982.97665066727,39390.89428148566,-1,0
3375,btc,2022-02-03,36964.91,38781.16998560054,39179.93912657387,-1,0
3375,btc,2022-02-04,37212.11,38624.2639870405,39008.823550350055,-1,0
3375,btc,2022-02-05,41768.27,38938.66458833645,39248.775415537006,-1,0
3375,btc,2022-02-06,41767.0,39221.4981295028,39467.75146635988,-1,0
3375,btc,2022-02-07,44183.77,39717.72531655252,39877.8400345025,-1,0
3375,btc,2022-02-08,44172.93,40163.24578489726,40251.326118458805,-1,0
3375,btc,2022-02-09,44454.86,40592.40720640754,40616.850803810215,-1,0
3375,btc,2022-02-10,43884.77,40921.643485766785,40901.017690435416,1,1
3375,btc,2022-02-11,42197.88,41049.26713719011,41013.78832604973,1,0
3375,btc,2022-02-12,42074.52,41151.792423471095,41106.025862914976,1,0
3375,btc,2022-02-13,42424.34,41279.04718112399,41220.661874835416,1,0
3375,btc,2022-02-14,42745.18,41425.66046301159,41353.22866832799,1,0
3375,btc,2022-02-15,44215.399999999994,41704.63441671043,41602.11313195165,1,0
3375,btc,2022-02-16,44157.53,41949.92397503939,41824.32329439064,1,0
3375,btc,2022-02-17,40620.81,41817.01257753545,41719.66996444363,1,0
3375,btc,2022-02-18,39973.26,41632.63731978191,41567.808228405054,1,0
3375,btc,2022-02-19,40005.31,41469.90458780372,41431.938817239396,1,0
3375,btc,2022-02-20,38407.24,41163.638129023355,41168.9215287838,-1,-1
3375,btc,2022-02-21,37335.98,40780.87231612102,40835.6222654113,-1,0
3375,btc,2022-02-22,37933.15,40496.10008450892,40583.23337276684,-1,0
3375,btc,2022-02-23,37530.81,40199.571076058026,40317.80525339581,-1,0
3375,btc,2022-02-24,38388.96,40018.50996845223,40150.079579187484,-1,0
3375,btc,2022-02-25,39005.63,39917.22197160701,40050.56222447553,-1,0
3375,btc,2022-02-26,39331.67,39858.66677444631,39988.04985712984,-1,0
3375,btc,2022-02-27,37741.67,39646.96709700168,39792.712478248985,-1,0
3375,btc,2022-02-28,41898.87,39872.157387301515,39975.85661057516,-1,0
3375,btc,2022-03-01,43917.37,40276.67864857137,40318.59690530776,-1,0
3375,btc,2022-03-02,44149.13,40663.923783714235,40651.68673962883,1,1
3375,btc,2022-03-03,42609.54,40858.48540534281,40821.93484922633,1,0
3375,btc,2022-03-04,40718.11,40844.447864808535,40812.90660146752,1,0
3375,btc,2022-03-05,39467.07,40706.710078327684,40695.877331774696,1,0
3375,btc,2022-03-06,38948.41,40530.88007049492,40543.92365075081,-1,-1
3375,btc,2022-03-07,38225.81,40300.373063445426,40342.34855068552,-1,0
3375,btc,2022-03-08,38620.83,40132.41875710088,40192.65128540852,-1,0
3375,btc,2022-03-09,42320.02,40351.17888139079,40377.639869286046,-1,0
3375,btc,2022-03-10,39314.21,40247.48199325171,40285.167706739434,-1,0
3375,btc,2022-03-11,38930.11,40115.74479392654,40167.33660180557,-1,0
3375,btc,2022-03-12,39119.16,40016.08631453389,40076.19081034422,-1,0
3375,btc,2022-03-13,38604.38,39874.9156830805,39948.207261618634,-1,0
3375,btc,2022-03-14,39024.18,39789.84211477245,39867.857064956144,-1,0
3375,btc,2022-03-15,39592.02,39770.0599032952,39843.87123322082,-1,0
3375,btc,2022-03-16,41073.38,39900.391912965686,39950.78503902771,-1,0
3375,btc,2022-03-17,40967.6,40007.112721669124,40039.20373128617,-1,0
3375,btc,2022-03-18,41698.73,40176.27444950221,40183.51036334825,-1,0
3375,btc,2022-03-19,41789.340000000004,40337.58100455199,40323.1477230571,1,1
3375,btc,2022-03-20,41269.560000000005,40430.77890409679,40405.44444279127,1,0
3375,btc,2022-03-21,41256.37,40513.33801368711,40479.43796950507,1,0
3375,btc,2022-03-22,42649.98,40727.0022123184,40668.1807547655,1,0
3375,btc,2022-03-23,42419.26,40896.22799108656,40820.448515220676,1,0
3375,btc,2022-03-24,43949.8,41201.58519197791,41092.56603563627,1,0
3375,btc,2022-03-25,44352.259999999995,41516.652672780125,41376.01768471138,1,0
3375,btc,2022-03-26,44436.96,41808.68340550212,41642.18658169301,1,0
3375,btc,2022-03-27,46675.31,42295.34606495191,42079.849487632746,1,0
3375,btc,2022-03-28,47644.69,42830.28045845672,42563.748662621205,1,0
3375,btc,2022-03-29,47167.06,43263.95841261105,42964.03660500197,1,0
3375,btc,2022-03-30,46911.25,43628.68757134995,43307.27255239311,1,0
3375,btc,2022-03-31,45846.82,43850.50081421495,43528.10276522849,1,0
3375,btc,2022-04-01,46292.04,44094.65473279345,43768.44513346949,1,0
3375,btc,2022-04-02,46226.66,44307.85525951411,43982.202947950405,1,0
3375,btc,2022-04-03,47322.08999999999,44609.27873356269,44272.6279089982,1,0
3375,btc,2022-04-04,46444.58,44792.80886020642,44461.49330821575,1,0
3375,btc,2022-04-05,45973.1,44910.83797418578,44592.937368370905,1,0
3375,btc,2022-04-06,43771.84,44796.9381767672,44521.53759720822,1,0
3375,btc,2022-04-07,43586.86,44675.93035909048,44440.261284407505,1,0
3375,btc,2022-04-08,42547.34,44463.07132318143,44275.65943358946,1,0
3375,btc,2022-04-09,42655.130000000005,44282.277190863286,44134.743830668645,1,0
3375,btc,2022-04-10,42499.88,44104.03747177696,43992.581758436594,1,0
3375,btc,2022-04-11,39921.34,43685.76772459926,43638.56073596385,1,0
3375,btc,2022-04-12,39694.95,43286.685952139334,43295.63806327134,-1,-1
3375,btc,2022-04-13,41309.59,43088.97635692541,43122.93823168253,-1,0
3375,btc,2022-04-14,40029.66,42783.044721232865,42853.957515884045,-1,0
3375,btc,2022-04-15,40478.27,42552.567249109576,42647.37599276369,-1,0
3375,btc,2022-04-16,40595.99,42356.90952419862,42468.99460208859,-1,0
3375,btc,2022-04-17,40337.02,42154.920571778755,42283.605506254804,-1,0
3375,btc,2022-04-18,40836.66,42023.09451460088,42157.784157884824,-1,0
3375,btc,2022-04-19,41359.03,41956.68806314079,42088.32727459049,-1,0
3375,btc,2022-04-20,41591.9,41920.20925682672,42045.15968549567,-1,0
3375,btc,2022-04-21,40775.89,41805.77733114405,41934.78840849605,-1,0
3375,btc,2022-04-22,39633.0,41588.499598029644,41734.632894713795,-1,0
3375,btc,2022-04-23,39928.3,41422.47963822668,41577.560469086515,-1,0
3375,btc,2022-04-24,39760.08,41256.239674404016,41419.518689165954,-1,0
3375,btc,2022-04-25,40243.0,41154.91570696362,41317.212716195005,-1,0
3375,btc,2022-04-26,38397.09,40879.133136267264,41063.289001743266,-1,0
3375,btc,2022-04-27,39216.27,40712.84682264054,40902.67865376559,-1,0
3375,btc,2022-04-28,39728.43,40614.40514037649,40800.57007517728,-1,0
3375,btc,2022-04-29,38660.31,40418.995626338845,40614.460503422735,-1,0
3375,btc,2022-04-30,38392.69,40216.365063704965,40421.263068342494,-1,0
3375,btc,2022-05-01,38410.93,40035.82155733447,40246.45149718228,-1,0
3375,btc,2022-05-02,38680.05,39900.24440160102,40110.24267134035,-1,0
3375,btc,2022-05-03,37909.62,39701.18196144092,39918.88417818032,-1,0
3375,btc,2022-05-04,39778.92,39708.95576529683,39906.71338007769,-1,0
3375,btc,2022-05-05,36487.22,39386.782188767145,39609.36612963615,-1,0
3375,btc,2022-05-06,35992.46,39047.349969890434,39294.852553146055,-1,0
3375,btc,2022-05-07,35269.57,38669.571972901394,38944.827983307274,-1,0
3375,btc,2022-05-08,34246.7,38227.28477561125,38536.2951151936,-1,0
3375,btc,2022-05-09,31029.5,37507.506298050124,37883.53032256807,-1,0
3375,btc,2022-05-10,30677.3,36824.48566824511,37256.901598866505,-1,0
3375,btc,2022-05-11,29033.64,36045.401101420604,36541.835372878115,-1,0
3375,btc,2022-05-12,28541.26,35294.98699127854,35846.13316654089,-1,0
3375,btc,2022-05-13,30015.71,34767.05929215069,35339.139847711245,-1,0
3375,btc,2022-05-14,29686.750000000004,34259.02836293562,34847.6276870407,-1,0
3375,btc,2022-05-15,31239.99,33957.12452664206,34533.920062080644,-1,0
3375,btc,2022-05-16,30127.39,33574.15107397785,34150.7435349432,-1,0
3375,btc,2022-05-17,30403.59,33257.09496658007,33824.90409712205,-1,0
3375,btc,2022-05-18,29227.03,32854.08846992206,33425.088958241875,-1,0
3375,btc,2022-05-19,30198.2,32588.499622929856,33144.48991839476,-1,0
3375,btc,2022-05-20,29339.76,32263.62566063687,32813.64383853434,-1,0
3375,btc,2022-05-21,29465.69,31983.832094573183,32522.517417792227,-1,0
3375,btc,2022-05-22,30451.59,31830.607885115864,32342.436772766818,-1,0
3375,btc,2022-05-23,29998.51,31647.398096604276,32138.617053395792,-1,0
3375,btc,2022-05-24,29737.37,31456.39528694385,31929.81296179616,-1,0
3375,btc,2022-05-25,29857.91,31296.546758249468,31749.647486857364,-1,0
3375,btc,2022-05-26,29653.77,31132.269082424522,31567.3972706089,-1,0
3375,btc,2022-05-27,28844.619999999995,30903.50417418207,31330.63402968639,-1,0
3375,btc,2022-05-28,29021.27,30715.280756763867,31129.819766235403,-1,0
3375,btc,2022-05-29,29401.18,30583.87068108748,30979.50326482363,-1,0
3375,btc,2022-05-30,31625.89,30688.072612978733,31035.71080701288,-1,0
3375,btc,2022-05-31,31796.37,30798.90235168086,31101.855084663937,-1,0
3375,btc,2022-06-01,29656.05,30684.617116512774,30976.13290338881,-1,0
3375,btc,2022-06-02,30300.47,30646.2024048615,30917.37960744196,-1,0
